elapsed_s;dedicated_mb;shared_mb;total_committed_mb;gpu_util_pct;gpu_counter_available
2,0;0,0;0,0;0,0;0,0;False
11,1;53,8;36,8;90,7;0,0;True
14,2;53,8;36,8;90,7;0,0;True
17,3;53,8;36,8;90,7;0,0;True
20,3;53,8;36,8;90,7;0,0;True
23,4;53,8;36,8;90,7;0,0;True
26,5;53,8;36,8;90,7;0,0;True
29,6;53,8;36,8;90,7;0,0;True
32,7;53,8;36,8;90,7;0,0;True
35,9;53,8;36,8;90,7;0,0;True
39,0;53,8;36,8;90,7;0,0;True
42,1;53,8;36,8;90,7;0,0;True
45,1;53,8;36,8;90,7;0,0;True
48,2;53,8;36,8;90,7;0,0;True
51,3;115,1;88,8;204,0;100,0;True
54,6;115,4;164,0;279,4;48,0;True
57,8;406,3;256,2;662,6;30,0;True
60,9;1578,0;792,4;2370,5;100,0;True
64,1;1628,2;793,1;2421,4;58,0;True
67,3;1660,2;793,1;2453,4;100,0;True
70,5;1660,4;793,4;2453,9;100,0;True
73,6;1660,4;793,4;2453,9;100,0;True
76,8;1660,4;793,4;2453,9;86,0;True
80,0;1660,4;793,4;2453,9;72,0;True
83,3;1660,5;793,4;2454,0;96,0;True
86,4;1660,5;793,5;2454,0;78,0;True
89,6;1660,5;795,5;2456,0;100,0;True
92,8;1660,5;795,5;2456,0;97,0;True
96,0;1660,5;795,5;2456,0;81,0;True
99,3;1660,5;795,5;2456,0;95,0;True
102,5;1660,5;795,5;2456,0;81,0;True
105,7;1759,5;795,5;2555,0;74,0;True
108,9;1791,6;795,5;2587,1;12,0;True
112,2;1759,7;795,5;2555,3;100,0;True
115,4;1759,7;795,5;2555,3;90,0;True
118,6;1759,7;795,5;2555,3;100,0;True
121,8;1759,7;795,6;2555,3;97,0;True
125,0;1759,7;795,6;2555,3;86,0;True
128,2;1763,5;795,6;2559,1;88,0;True
131,4;1894,8;801,1;2696,0;72,0;True
134,7;1894,8;801,1;2696,0;95,0;True
137,9;1894,8;801,1;2695,9;95,0;True
141,1;1894,8;801,1;2695,9;100,0;True
144,2;1894,8;801,1;2696,0;100,0;True
147,5;1894,8;801,1;2695,9;0,0;True
150,9;1894,8;801,1;2695,9;100,0;True
154,1;1894,8;801,1;2696,0;100,0;True
157,4;1894,8;801,1;2695,9;100,0;True
160,7;1894,8;801,1;2695,9;0,0;True
164,0;1894,8;801,1;2696,0;100,0;True
167,2;1926,9;801,1;2728,1;5,0;True
170,4;1894,8;801,1;2695,9;14,0;True
173,6;1894,8;801,1;2696,0;0,0;True
176,7;1910,8;801,1;2712,0;8,0;True
180,0;1894,8;801,1;2695,9;100,0;True
183,2;1894,8;801,1;2696,0;78,0;True
186,4;1894,8;801,1;2696,0;91,0;True
189,6;1894,8;801,1;2695,9;14,0;True
192,8;1958,7;801,1;2759,9;0,0;True
196,0;1958,7;801,1;2759,9;0,0;True
199,1;1958,7;801,1;2759,8;47,0;True
202,3;1958,7;801,1;2759,9;23,0;True
205,4;1958,7;801,1;2759,9;100,0;True
208,6;1959,9;801,3;2761,2;100,0;True
211,8;1960,2;801,3;2761,5;0,0;True
214,9;1960,2;801,3;2761,5;100,0;True
218,1;1945,7;801,3;2747,1;0,0;True
221,3;1945,8;801,3;2747,1;100,0;True
224,5;1945,8;801,3;2747,1;100,0;True
227,6;1945,7;801,3;2747,1;0,0;True
230,8;1945,8;801,3;2747,1;0,0;True
234,0;1945,8;801,3;2747,1;80,0;True
237,1;1945,7;801,3;2747,1;100,0;True
240,3;1977,8;801,3;2779,1;40,0;True
243,6;1946,0;801,3;2747,3;95,0;True
246,8;1945,9;801,3;2747,3;100,0;True
250,1;1945,9;801,3;2747,3;16,0;True
253,4;1946,0;801,3;2747,3;93,0;True
256,6;1945,9;801,3;2747,3;0,0;True
259,8;1945,9;801,3;2747,3;74,0;True
263,0;1977,9;801,3;2779,3;83,0;True
266,2;1977,9;801,3;2779,2;100,0;True
269,4;1977,9;801,3;2779,2;44,0;True
272,5;1977,9;801,3;2779,3;100,0;True
275,7;1977,9;801,3;2779,2;0,0;True
278,9;1977,9;801,3;2779,2;0,0;True
282,0;1977,9;801,3;2779,3;17,0;True
285,2;1977,9;801,3;2779,2;0,0;True
288,3;1977,9;801,3;2779,2;100,0;True
291,5;1977,9;801,3;2779,3;100,0;True
294,7;1977,9;801,3;2779,2;0,0;True
297,9;1977,9;801,3;2779,2;100,0;True
301,0;1977,9;801,3;2779,3;100,0;True
304,2;1977,9;801,3;2779,2;100,0;True
307,4;1977,9;801,3;2779,2;100,0;True
310,6;1977,9;801,3;2779,3;76,0;True
313,7;1977,9;801,3;2779,3;22,0;True
317,0;1977,9;801,3;2779,2;100,0;True
320,2;1977,9;801,3;2779,3;96,0;True
323,4;1977,9;801,3;2779,3;55,0;True
326,6;1977,9;801,3;2779,2;90,0;True
329,8;1977,9;801,3;2779,3;90,0;True
333,0;1977,9;801,3;2779,3;97,0;True
336,2;1977,9;801,3;2779,2;95,0;True
339,4;1977,9;801,3;2779,3;76,0;True
342,6;1977,9;801,3;2779,3;90,0;True
345,8;1977,9;801,3;2779,2;93,0;True
349,0;1977,9;801,3;2779,3;100,0;True
352,2;1977,9;801,3;2779,3;48,0;True
355,3;1977,9;801,3;2779,3;14,0;True
358,6;1977,9;801,3;2779,3;0,0;True
361,8;1977,9;801,3;2779,3;95,0;True
364,9;1977,9;801,3;2779,3;100,0;True
368,1;1978,1;801,4;2779,5;100,0;True
371,3;1978,1;801,4;2779,5;100,0;True
374,5;1978,0;801,4;2779,5;100,0;True
377,7;1978,1;801,4;2779,5;99,0;True
380,9;1978,1;801,4;2779,5;100,0;True
384,1;1978,0;801,4;2779,5;100,0;True
387,2;1978,1;801,4;2779,5;84,0;True
390,4;1978,1;801,4;2779,5;100,0;True
393,6;1978,0;801,4;2779,5;97,0;True
396,8;1978,1;801,4;2779,5;100,0;True
400,0;1978,1;801,4;2779,5;100,0;True
403,2;1978,2;801,4;2779,7;100,0;True
406,3;1978,3;801,4;2779,7;68,0;True
409,5;1978,3;801,4;2779,7;100,0;True
412,7;1978,2;801,4;2779,7;100,0;True
415,8;1978,2;801,4;2779,7;68,0;True
419,0;1978,3;801,4;2779,7;100,0;True
422,2;1978,2;801,4;2779,7;0,0;True
425,3;1946,4;801,4;2747,8;14,0;True
428,5;1946,4;801,4;2747,8;21,0;True
431,6;1946,4;801,4;2747,8;6,0;True
434,7;1946,4;801,4;2747,8;0,0;True
437,7;1946,4;801,4;2747,8;0,0;True
440,8;1946,4;801,4;2747,8;0,0;True
443,8;1946,4;801,4;2747,8;0,0;True
446,8;1946,4;801,4;2747,8;0,0;True
449,9;1946,4;801,4;2747,8;0,0;True
453,0;1946,4;801,4;2747,8;0,0;True
456,1;1946,4;801,4;2747,8;0,0;True
459,2;1946,4;801,4;2747,8;0,0;True
462,3;1946,4;801,4;2747,8;0,0;True
465,3;1946,4;801,4;2747,8;0,0;True
468,4;1946,4;801,4;2747,8;0,0;True
471,5;1946,4;801,4;2747,8;0,0;True
474,5;1946,4;801,4;2747,8;0,0;True
477,6;1946,4;801,4;2747,8;0,0;True
480,7;1946,4;801,4;2747,8;0,0;True
483,8;1946,4;801,4;2747,8;0,0;True
486,8;1946,4;801,4;2747,8;0,0;True
489,9;1946,4;801,4;2747,8;0,0;True
493,0;1946,4;801,4;2747,8;0,0;True
496,1;1946,4;801,4;2747,8;0,0;True
499,1;1946,4;801,4;2747,8;0,0;True
502,2;1946,4;801,4;2747,8;0,0;True
505,3;1946,4;801,4;2747,8;0,0;True
508,3;1946,4;801,4;2747,8;0,0;True
511,4;1946,4;801,4;2747,8;0,0;True
514,5;1946,4;801,4;2747,8;0,0;True
517,6;1946,4;801,4;2747,8;0,0;True
520,6;1946,4;801,4;2747,8;0,0;True
523,7;1946,4;801,4;2747,8;0,0;True
526,8;1946,4;801,4;2747,8;0,0;True
529,9;1946,4;801,4;2747,8;0,0;True
533,0;1946,4;801,4;2747,8;0,0;True
536,0;1946,4;801,4;2747,8;0,0;True
539,1;1946,4;801,4;2747,8;0,0;True
542,2;1946,4;801,4;2747,8;0,0;True
545,2;1946,4;801,4;2747,8;0,0;True
548,3;1946,4;801,4;2747,8;0,0;True
551,4;1946,4;801,4;2747,8;0,0;True
554,4;1946,4;801,4;2747,8;0,0;True
557,5;1946,4;801,4;2747,8;0,0;True
560,6;1946,4;801,4;2747,8;0,0;True
563,6;1946,4;801,4;2747,8;0,0;True
566,7;1946,4;801,4;2747,8;0,0;True
569,8;1946,4;801,4;2747,8;0,0;True
572,8;1946,4;801,4;2747,8;0,0;True
575,9;1946,4;801,4;2747,8;0,0;True
579,0;1946,4;801,4;2747,8;0,0;True
582,1;1946,4;801,4;2747,8;0,0;True
585,2;1946,4;801,4;2747,8;0,0;True
588,2;1946,4;801,4;2747,8;0,0;True
591,3;1946,4;801,4;2747,8;0,0;True
594,4;1946,4;801,4;2747,8;0,0;True
597,4;1946,4;801,4;2747,8;0,0;True
600,5;1946,4;801,4;2747,8;0,0;True
603,5;1946,4;801,4;2747,8;0,0;True
606,6;1946,4;801,4;2747,8;0,0;True
609,7;433,7;14,8;448,5;0,0;True
612,9;0,0;0,0;0,0;0,0;False
615,9;0,0;0,0;0,0;0,0;False
618,9;0,0;0,0;0,0;0,0;False
