elapsed_s;event_n;presenter_timeline_completed;presenter_timeline_submit;critical_45d_bound;critical_45d_writer;critical_45d_rejected;natural_bink;compute_yuv;ui_hits;stderr_mb
2,0;0;0;0;0;0;0;0;0;0;0,1
14,2;0;0;0;0;0;0;0;0;0;0,1
26,5;0;0;0;0;0;0;0;0;0;4,6
39,0;0;0;0;0;0;0;0;0;0;11,5
51,3;0;0;0;0;0;0;0;0;0;16,3
64,1;0;0;0;0;0;0;0;0;0;18,7
76,8;0;0;0;0;0;0;0;0;0;21,3
89,6;0;0;0;0;0;0;0;0;0;23,9
102,5;0;0;0;0;0;0;0;0;0;27,3
115,4;0;0;0;0;0;0;0;0;0;29,3
128,2;0;0;0;0;0;0;0;0;0;31,7
141,1;0;0;0;0;0;0;0;0;0;34,0
154,1;0;0;0;0;0;0;0;0;0;36,2
167,2;0;0;0;0;0;0;0;0;0;38,5
180,0;0;0;0;0;0;0;0;0;0;40,9
192,8;0;0;0;0;0;0;0;0;0;43,1
205,4;0;0;0;0;0;0;0;0;0;45,0
218,1;0;0;0;0;0;0;0;0;0;47,4
230,8;0;0;0;0;0;0;0;0;0;49,8
243,6;0;0;0;0;0;0;0;0;0;52,1
256,6;0;0;0;0;0;0;0;0;0;54,0
269,4;0;0;0;0;0;0;0;0;0;56,2
282,0;0;0;0;0;0;0;0;0;0;58,6
294,7;0;0;0;0;0;0;0;0;0;61,0
307,4;0;0;0;0;0;0;0;0;0;63,0
320,2;0;0;0;0;0;0;0;0;0;65,2
333,0;0;0;0;0;0;0;0;0;0;67,6
345,8;0;0;0;0;0;0;0;0;0;70,0
358,6;0;0;0;0;0;0;0;0;0;72,0
371,3;0;0;0;0;0;0;0;0;0;74,1
384,1;0;0;0;0;0;0;0;0;0;76,8
396,8;0;0;0;0;0;0;0;0;0;79,4
409,5;0;0;0;0;0;0;0;0;0;81,7
422,2;0;0;0;0;0;0;0;0;0;83,8
434,7;0;0;0;0;0;0;0;0;0;83,9
446,8;0;0;0;0;0;0;0;0;0;84,3
459,2;0;0;0;0;0;0;0;0;0;88,3
471,5;0;0;0;0;0;0;0;0;0;92,1
483,8;0;0;0;0;0;0;0;0;0;95,6
496,1;0;0;0;0;0;0;0;0;0;98,7
508,3;0;0;0;0;0;0;0;0;0;102,2
520,6;0;0;0;0;0;0;0;0;0;105,7
533,0;0;0;0;0;0;0;0;0;0;109,4
545,2;0;0;0;0;0;0;0;0;0;113,5
557,5;0;0;0;0;0;0;0;0;0;116,8
569,8;0;0;0;0;0;0;0;0;0;120,4
582,1;0;0;0;0;0;0;0;0;0;123,8
594,4;0;0;0;0;0;0;0;0;0;127,4
606,6;0;0;0;0;0;0;0;0;0;131,5
618,9;16384;0;0;949;949;0;1;0;0;132,0
