elapsed_s;available_mb;commit_mb;commit_limit_mb;paged_pool_mb;nonpaged_pool_mb;cache_mb
1,0;19564,0;20169,1;43965,8;1188,0;755,6;440,0
4,9;19166,0;20374,4;43965,8;1188,1;755,8;441,0
7,0;19222,0;20306,8;43965,8;1188,1;755,8;441,2
9,1;19217,0;24799,6;43965,8;1188,2;755,8;439,9
11,2;18906,0;26159,1;43965,8;1188,4;757,2;446,7
13,3;18907,0;26167,7;43965,8;1188,5;752,4;445,7
15,4;18864,0;26167,4;43965,8;1188,5;752,8;445,1
17,5;18855,0;26124,1;43965,8;1188,5;753,2;443,9
19,6;18639,0;26192,3;43965,8;1188,5;753,6;471,6
21,7;18530,0;26181,6;43965,8;1187,3;753,3;528,6
23,8;18471,0;26152,2;43965,8;1187,3;752,2;554,4
25,9;17960,0;26304,5;43965,8;1187,7;756,5;713,5
28,0;17709,0;26333,2;43965,8;1187,7;755,5;748,4
30,1;17793,0;26289,0;43965,8;1187,8;753,1;573,5
32,2;17784,0;26259,7;43965,8;1187,7;753,5;570,2
34,3;17681,0;26285,8;43965,8;1187,7;753,5;586,1
36,4;17619,0;26407,6;43965,8;1187,7;755,0;587,5
38,5;16157,0;27834,2;43965,8;1188,3;752,3;611,9
40,7;16153,0;27836,2;43965,8;1188,5;754,0;608,8
42,9;12724,0;31255,0;43965,8;1188,7;756,1;612,0
45,1;9039,0;36056,0;43965,8;1191,0;757,2;614,1
47,2;8825,0;36279,4;43965,8;1191,1;757,7;622,3
49,4;8802,0;36301,6;43965,8;1191,1;757,9;625,1
51,7;8565,0;36551,4;43965,8;1191,3;757,9;615,7
53,9;8564,0;36515,0;43965,8;1191,3;757,9;609,6
56,2;8557,0;36603,7;43965,8;1191,3;757,2;611,2
58,4;8562,0;36605,1;43965,8;1191,3;757,5;611,6
60,7;8558,0;36600,8;43965,8;1191,4;757,2;612,5
62,9;9562,0;35611,1;43965,8;1191,4;757,4;617,9
65,1;10993,0;34133,2;43965,8;1191,4;757,4;618,4
67,3;11946,0;33257,1;43965,8;1191,5;757,4;618,3
69,4;13306,0;31805,2;43965,8;1191,5;757,7;616,6
71,7;14045,0;31098,2;43965,8;1191,5;758,6;615,0
73,9;14077,0;31057,9;43965,8;1191,5;758,4;614,3
75,9;14209,0;30875,8;43965,8;1191,7;758,5;615,4
78,0;14191,0;30900,8;43965,8;1191,7;758,5;615,4
80,1;14179,0;30911,1;43965,8;1191,7;760,1;615,5
82,1;14209,0;30888,3;43965,8;1191,7;760,2;614,7
84,2;14201,0;30901,3;43965,8;1191,7;760,2;614,3
86,3;14222,0;30873,0;43965,8;1191,7;760,2;616,1
88,4;14407,0;30880,9;43965,8;1191,8;763,8;617,1
90,5;15028,0;30888,9;43965,8;1191,8;769,9;616,6
92,6;14960,0;30936,6;43965,8;1191,9;769,6;613,6
94,7;14935,0;30957,0;43965,8;1191,9;764,7;615,6
96,7;14972,0;30891,2;43965,8;1191,9;767,8;616,5
98,8;14979,0;30888,0;43965,8;1191,9;768,1;617,8
100,9;14986,0;30885,9;43965,8;1192,0;768,8;616,2
103,0;14987,0;30880,9;43965,8;1192,0;768,8;615,8
105,0;14941,0;30938,2;43965,8;1191,9;768,8;616,2
107,1;14968,0;30922,9;43965,8;1191,9;764,5;616,2
109,2;14961,0;30929,4;43965,8;1191,9;764,7;614,2
111,3;14963,0;30920,4;43965,8;1192,0;765,4;614,5
113,4;14973,0;30922,6;43965,8;1192,0;765,4;616,5
115,5;14982,0;30917,5;43965,8;1192,0;766,1;616,9
117,6;14988,0;30911,5;43965,8;1192,0;766,1;617,7
119,7;14988,0;30911,3;43965,8;1192,0;766,3;617,6
