timestamp,gpu_util_percent,memory_util_percent,memory_used_mb,memory_total_mb
2026/08/28 14:49:34.722, 10, 2, 1872, 16311
2026/08/28 14:49:49.479, 0, 3, 1931, 16311
2026/08/28 14:50:04.430, 1, 58, 1931, 16311
2026/08/28 14:50:19.088, 11, 3, 1931, 16311
2026/08/28 14:50:34.453, 6, 4, 3340, 16311
2026/08/28 14:50:49.336, 1, 32, 3389, 16311
2026/08/28 14:51:04.062, 1, 32, 3387, 16311
2026/08/28 14:51:18.648, 0, 26, 3389, 16311
2026/08/28 14:51:33.780, 23, 2, 3704, 16311
2026/08/28 14:51:49.631, 24, 3, 4028, 16311
2026/08/28 14:52:06.413, 13, 2, 4001, 16311
2026/08/28 14:52:22.809, 22, 3, 4183, 16311
