sample,time,gpu_util_pct,vram_used_mb,power_w
0,2026-08-28T20:29:56.2176151-03:00,6, 1804, 20.50
1,2026-08-28T20:30:01.3614119-03:00,2, 1795, 14.97
2,2026-08-28T20:30:06.4858658-03:00,1, 1855, 26.68
3,2026-08-28T20:30:11.6438630-03:00,1, 2030, 15.52
4,2026-08-28T20:30:16.7958637-03:00,2, 1994, 18.06
5,2026-08-28T20:30:21.9168663-03:00,1, 1976, 12.70
6,2026-08-28T20:30:27.0194771-03:00,4, 1978, 20.17
7,2026-08-28T20:30:32.1514793-03:00,0, 1928, 13.42
8,2026-08-28T20:30:37.3054797-03:00,1, 1762, 26.22
9,2026-08-28T20:30:42.4324784-03:00,0, 1762, 10.41
10,2026-08-28T20:30:47.5635735-03:00,0, 1685, 23.35
11,2026-08-28T20:30:52.6955733-03:00,0, 1728, 11.53
12,2026-08-28T20:30:57.7945745-03:00,4, 1709, 15.53
13,2026-08-28T20:31:02.9595762-03:00,15, 2980, 18.93
14,2026-08-28T20:31:08.1021542-03:00,15, 3515, 25.38
15,2026-08-28T20:31:13.2474759-03:00,29, 3649, 22.09
16,2026-08-28T20:31:18.3688024-03:00,0, 3645, 13.85
17,2026-08-28T20:31:23.5257301-03:00,20, 3961, 23.21
18,2026-08-28T20:31:28.6857297-03:00,7, 3787, 18.48
19,2026-08-28T20:31:33.8267303-03:00,2, 3801, 19.13
20,2026-08-28T20:31:38.9547298-03:00,2, 3740, 12.52
21,2026-08-28T20:31:44.0947319-03:00,5, 3737, 13.49
22,2026-08-28T20:31:49.2167308-03:00,3, 3729, 13.11
23,2026-08-28T20:31:54.3727313-03:00,15, 3758, 13.71
24,2026-08-28T20:31:59.5177318-03:00,22, 4020, 35.76
25,2026-08-28T20:32:04.6526497-03:00,0, 4082, 24.07
26,2026-08-28T20:32:09.7828419-03:00,0, 4188, 19.41
27,2026-08-28T20:32:14.9178419-03:00,0, 4188, 14.68
28,2026-08-28T20:32:20.0508402-03:00,3, 4188, 12.83
29,2026-08-28T20:32:25.1728407-03:00,2, 4188, 12.76
30,2026-08-28T20:32:30.3068394-03:00,2, 4188, 12.70
31,2026-08-28T20:32:35.4408415-03:00,2, 4188, 12.71
32,2026-08-28T20:32:40.5758392-03:00,14, 4163, 12.98
33,2026-08-28T20:32:45.6998406-03:00,0, 4159, 10.76
34,2026-08-28T20:32:50.8158403-03:00,0, 4163, 10.71
35,2026-08-28T20:32:55.9338416-03:00,0, 4182, 12.44
