elapsed_s;processes;largest_pid;working_mb;private_mb;cpu_pct;stderr_mb
5,0;3;23020;599,7;5033,0;4,7;0,0
10,3;3;23020;933,1;6336,8;54,5;0,1
15,4;3;23020;1290,9;6448,3;52,3;0,2
20,6;3;23020;1698,4;6450,0;40,2;0,2
25,7;3;23020;3520,5;7984,8;44,9;0,2
30,8;3;23020;6188,1;11313,7;52,0;0,2
35,9;3;23020;6465,7;11791,1;51,1;0,2
41,0;3;23020;6986,2;12326,2;50,9;0,2
46,1;3;23020;7022,0;12376,3;51,5;0,2
51,3;3;23020;7066,9;12393,1;51,1;0,2
56,4;3;23020;7078,1;12393,0;51,4;0,2
61,6;3;23020;7117,7;12389,1;51,9;0,2
66,7;3;23020;6781,6;12082,8;50,5;0,2
71,9;3;23020;6692,9;11995,2;51,3;0,3
77,0;3;23020;6788,2;12078,6;51,0;0,3
82,0;3;23020;6680,3;12016,6;51,7;0,3
87,2;3;23020;6766,2;12092,1;51,5;0,3
92,3;3;23020;6705,2;12028,8;51,4;0,3
97,4;3;23020;6849,7;12310,1;50,5;0,3
102,5;3;23020;6908,8;12481,4;51,9;0,3
107,6;3;23020;6762,1;12310,1;51,8;0,3
112,7;3;23020;6831,0;12362,5;50,8;0,3
117,9;3;23020;6798,5;12310,5;51,4;0,3
123,0;3;23020;6689,8;12199,8;51,9;0,3
128,1;3;23020;6764,9;12316,4;50,9;0,3
133,2;3;23020;6796,2;12422,4;52,2;0,3
138,4;3;23020;6953,7;12570,2;51,7;0,3
143,5;3;23020;6985,1;12617,9;51,7;0,3
148,6;3;23020;6939,7;12555,3;51,3;0,3
153,7;3;23020;7138,2;12762,2;51,7;0,3
158,8;3;23020;7128,5;12713,0;51,7;0,3
163,9;3;23020;7047,8;12746,0;51,8;0,3
169,0;3;23020;6952,4;12584,6;51,6;0,3
174,2;3;23020;7001,8;12633,6;51,8;0,3
179,3;3;23020;7003,8;12634,7;51,2;0,3
184,4;3;23020;7006,9;12634,0;51,5;0,3
189,5;3;23020;7039,2;12667,2;51,4;0,3
194,6;3;23020;7135,9;12841,4;51,3;0,3
199,8;3;23020;7152,9;12812,3;48,5;0,3
204,9;3;23020;7184,7;12877,7;49,8;0,3
210,0;3;23020;7196,1;12894,3;51,3;0,3
215,1;3;23020;7233,8;12914,9;51,4;0,3
220,2;3;23020;7362,5;13087,8;51,4;0,3
225,3;3;23020;7392,7;13119,6;51,9;0,3
230,4;3;23020;7267,1;12958,3;51,0;0,3
235,5;3;23020;7321,0;12975,0;51,1;0,3
240,6;3;23020;7321,1;12975,0;51,6;0,3
245,7;3;23020;7320,4;13007,2;51,9;0,3
250,8;3;23020;7363,2;13076,9;52,0;0,3
255,9;3;23020;7346,2;13059,4;51,5;0,3
261,1;3;23020;7346,7;13059,4;51,4;0,3
266,2;3;23020;7346,8;13059,4;51,4;0,3
271,3;3;23020;7379,3;13091,7;51,7;0,3
276,4;3;23020;7409,3;13123,2;51,7;0,3
281,5;3;23020;7397,1;13126,7;51,9;0,3
286,6;3;23020;7361,0;13009,9;51,5;0,3
291,7;3;23020;7379,3;13026,2;51,7;0,3
296,9;3;23020;7379,4;13026,2;51,6;0,3
302,0;3;23020;7384,9;13111,6;52,2;0,3
307,1;3;23020;7369,1;13078,5;51,7;0,3
312,3;3;23020;7414,3;13125,5;51,5;0,3
317,4;3;23020;7414,4;13125,4;51,8;0,3
322,5;3;23020;7351,2;13060,1;51,0;0,3
327,6;3;23020;7397,5;13107,8;51,6;0,4
332,8;3;23020;7336,8;13043,9;51,5;0,4
337,9;3;23020;7364,2;12995,0;51,5;0,4
343,0;3;23020;7364,4;12995,0;51,8;0,4
348,1;3;23020;7367,3;12997,9;51,5;0,4
353,2;3;23020;7408,1;13102,6;51,3;0,4
358,3;3;23020;7355,7;13049,7;52,4;0,4
363,5;3;23020;7387,9;13081,6;51,6;0,4
368,6;3;23020;7372,5;13082,0;51,8;0,4
373,7;4;23020;7521,0;13280,6;49,9;0,4
378,9;4;23020;7458,5;13234,0;49,7;0,4
384,0;3;23020;7360,5;13156,5;43,5;0,4
389,2;3;23020;7469,0;13247,5;50,8;0,4
394,3;3;23020;7726,8;13416,9;50,8;0,4
399,4;3;23020;7728,0;13416,5;51,1;0,4
404,6;3;23020;7718,5;13454,2;50,1;0,4
409,7;3;23020;7997,6;13756,0;50,5;0,4
414,8;3;23020;8167,7;13961,5;50,6;0,4
420,0;3;23020;8189,4;14002,1;50,6;0,4
425,1;3;23020;8128,6;13942,3;51,6;0,4
430,2;3;23020;7933,5;13815,8;51,0;0,4
435,3;3;23020;7997,3;13848,9;51,5;0,4
440,4;3;23020;7923,0;13721,1;51,5;0,4
445,5;3;23020;7964,3;13768,9;51,5;0,4
450,6;3;23020;7916,3;13713,9;51,1;0,4
455,7;3;23020;7964,2;13761,8;51,0;0,4
460,9;3;23020;7948,1;13745,5;51,1;0,4
466,0;3;23020;7158,9;12932,2;50,9;0,4
471,1;3;23020;7004,0;12768,2;51,1;0,4
476,2;3;23020;7020,0;12863,6;51,2;0,4
481,3;3;23020;7037,6;12863,6;52,1;0,4
486,5;3;23020;7113,3;12947,9;51,6;0,4
491,6;3;23020;7113,0;12947,5;51,8;0,4
496,8;3;23020;7155,5;12995,3;52,3;0,4
501,9;3;23020;7161,1;12995,4;51,1;0,4
507,0;3;23020;7161,2;12995,4;51,6;0,4
512,1;3;23020;7134,8;12980,2;51,7;0,4
517,3;3;23020;7151,3;12980,2;51,2;0,4
522,4;3;23020;7161,6;12931,5;51,9;0,4
527,5;3;23020;7162,0;12931,5;51,6;0,4
532,6;3;23020;7103,8;12867,7;52,0;0,4
537,7;3;23020;7167,6;12931,6;51,4;0,4
542,8;3;23020;7121,0;12883,9;51,7;0,4
547,9;3;23020;7136,7;12948,4;51,4;0,4
553,0;3;23020;7200,9;13028,1;52,0;0,4
558,1;3;23020;7201,1;13028,1;51,3;0,4
563,2;3;23020;7231,1;13075,8;51,2;0,4
568,3;3;23020;7402,3;13239,5;51,9;0,4
573,5;3;23020;7400,4;13237,5;51,2;0,4
578,6;3;23020;7431,2;13269,3;52,0;0,4
583,7;3;23020;7436,7;13269,3;51,4;0,4
588,8;3;23020;7358,8;13191,2;50,7;0,4
593,9;3;23020;7390,4;13157,9;50,2;0,4
599,0;3;23020;7343,1;13110,3;51,6;0,4
604,1;3;23020;7399,6;13141,9;50,9;0,4
