Nid,Module,Library,Kind,RelocationRefs,CatalogName,StaticDisposition
zr094EQ39Ww,libc,libc,FUNC,2722,__cxa_pure_virtual,NATIVE_PRX_OR_DATA_VERIFY_AT_RUNTIME
pZ9WXcClPO8,libc,libc,OBJECT,1309,_ZTVN10__cxxabiv120__si_class_type_infoE,NATIVE_PRX_OR_DATA_VERIFY_AT_RUNTIME
byV+FWlAnB4,libc,libc,OBJECT,82,_ZTVN10__cxxabiv117__class_type_infoE,NATIVE_PRX_OR_DATA_VERIFY_AT_RUNTIME
9ByRMdo7ywg,libc,libc,OBJECT,39,_ZTVN10__cxxabiv121__vmi_class_type_infoE,NATIVE_PRX_OR_DATA_VERIFY_AT_RUNTIME
P330P3dFF68,libc,libc,OBJECT,2,Need_sceLibc,NATIVE_PRX_OR_DATA_VERIFY_AT_RUNTIME
03RZmELWWzw,libSceAgc,libSceAgc,FUNC,1,sceAgcCbSetUcRegistersDirect,HLE_CANDIDATE_VERIFY_AT_RUNTIME
0ZOG0jc9nRg,libSceAgc,libSceAgc,FUNC,1,sceAgcAcbRewindGetSize,HLE_CANDIDATE_VERIFY_AT_RUNTIME
0o3VDdtA6nM,libSceAgc,libSceAgc,FUNC,1,sceAgcDcbSetIndexIndirectArgs,HLE_CANDIDATE_VERIFY_AT_RUNTIME
1-gUn1PI4Sw,libSceAgc,libSceAgc,FUNC,1,sceAgcDcbAtomicMem,HLE_CANDIDATE_VERIFY_AT_RUNTIME
1DeUNpRIDDA,libSceAgc,libSceAgc,FUNC,1,sceAgcDcbSetCxRegisterDirectGetSize,HLE_CANDIDATE_VERIFY_AT_RUNTIME
1rZSWUv1IRc,libSceAgc,libSceAgc,FUNC,1,sceAgcDcbCopyData,HLE_CANDIDATE_VERIFY_AT_RUNTIME
1tB0xkLNjcw,libSceAgc,libSceAgc,FUNC,1,sceAgcDcbAtomicGdsGetSize,HLE_CANDIDATE_VERIFY_AT_RUNTIME
3ZWa3AoyWZQ,libSceAgc,libSceAgc,FUNC,1,sceAgcAsyncCondExecPatchSetCommandAddress,HLE_CANDIDATE_VERIFY_AT_RUNTIME
43WJ08sSugE,libSceAgc,libSceAgc,FUNC,1,sceAgcDcbWaitOnAddressGetSize,HLE_CANDIDATE_VERIFY_AT_RUNTIME
6ee9Hd3EWXQ,libSceAgc,libSceAgc,FUNC,1,sceAgcDcbDrawIndexGetSize,HLE_CANDIDATE_VERIFY_AT_RUNTIME
6nths4DHNrs,libSceAgc,libSceAgc,FUNC,1,sceAgcCbMemsetExclusive,HLE_CANDIDATE_VERIFY_AT_RUNTIME
7Wa3aeJgeVU,libSceAgc,libSceAgc,FUNC,1,,HLE_CANDIDATE_VERIFY_AT_RUNTIME
7toV+elXqNM,libSceAgc,libSceAgc,FUNC,1,sceAgcCbCondWrite,HLE_CANDIDATE_VERIFY_AT_RUNTIME
8Kly1JrJUlw,libSceAgc,libSceAgc,FUNC,1,sceAgcAcbPushMarkerSpan,HLE_CANDIDATE_VERIFY_AT_RUNTIME
9S4noWrUI0s,libSceAgc,libSceAgc,FUNC,1,sceAgcDcbSetBaseDispatchIndirectArgsGetSize,HLE_CANDIDATE_VERIFY_AT_RUNTIME
AAeX-U5-P3M,libSceAgc,libSceAgc,FUNC,1,sceAgcGetDefaultCxStateFlat,HLE_CANDIDATE_VERIFY_AT_RUNTIME
AFIh8SQkYlQ,libSceAgc,libSceAgc,FUNC,1,sceAgcDcbSetIndexIndirectArgsGetSize,HLE_CANDIDATE_VERIFY_AT_RUNTIME
BIPexNBSGog,libSceAgc,libSceAgc,FUNC,1,sceAgcDcbCondExec,HLE_CANDIDATE_VERIFY_AT_RUNTIME
BYcSvEsINWU,libSceAgc,libSceAgc,FUNC,1,sceAgcDcbSetMarkerSpan,HLE_CANDIDATE_VERIFY_AT_RUNTIME
CbQh3DKMSno,libSceAgc,libSceAgc,FUNC,1,sceAgcAcbCopyDataGetSize,HLE_CANDIDATE_VERIFY_AT_RUNTIME
DwICrVxerkY,libSceAgc,libSceAgc,FUNC,1,sceAgcAcbRewind,HLE_CANDIDATE_VERIFY_AT_RUNTIME
EJBA4dbmvfg,libSceAgc,libSceAgc,FUNC,1,sceAgcAsyncWriteDataPatchSetDst,HLE_CANDIDATE_VERIFY_AT_RUNTIME
F8NLhWvFemI,libSceAgc,libSceAgc,FUNC,1,sceAgcAcbQueueEndOfShaderActionGetSize,HLE_CANDIDATE_VERIFY_AT_RUNTIME
FcgdDM3MB+k,libSceAgc,libSceAgc,FUNC,1,sceAgcAcbSetWorkloadStreamInactive,HLE_CANDIDATE_VERIFY_AT_RUNTIME
FneFypEDRgY,libSceAgc,libSceAgc,FUNC,1,sceAgcDcbSetWorkloadStreamInactive,HLE_CANDIDATE_VERIFY_AT_RUNTIME
FuVbkyKlf+s,libSceAgc,libSceAgc,FUNC,1,sceAgcCbCondWriteGetSize,HLE_CANDIDATE_VERIFY_AT_RUNTIME
G0jrLdvEqDw,libSceAgc,libSceAgc,FUNC,1,sceAgcDcbMemSemaphore,HLE_CANDIDATE_VERIFY_AT_RUNTIME
GBCh3zCihoU,libSceAgc,libSceAgc,FUNC,1,sceAgcDcbSetCxRegistersIndirectGetSize,HLE_CANDIDATE_VERIFY_AT_RUNTIME
GPbUp9jXQa8,libSceAgc,libSceAgc,FUNC,1,sceAgcAcbWaitUntilSafeForRendering,HLE_CANDIDATE_VERIFY_AT_RUNTIME
GXBlM-ekzrI,libSceAgc,libSceAgc,FUNC,1,sceAgcBranchPatchSetCompareAddress,HLE_CANDIDATE_VERIFY_AT_RUNTIME
H6vHS5cidSA,libSceAgc,libSceAgc,FUNC,1,sceAgcDcbContextStateOpGetSize,HLE_CANDIDATE_VERIFY_AT_RUNTIME
ICkECTBxrMw,libSceAgc,libSceAgc,FUNC,1,sceAgcGetGsPrimPayload,HLE_CANDIDATE_VERIFY_AT_RUNTIME
JOWmDrl+j20,libSceAgc,libSceAgc,FUNC,1,sceAgcCbSetUcRegisterRangeDirectGetSize,HLE_CANDIDATE_VERIFY_AT_RUNTIME
K2mciNVxUCE,libSceAgc,libSceAgc,FUNC,1,sceAgcSetNop,HLE_CANDIDATE_VERIFY_AT_RUNTIME
KjPeVduz6jU,libSceAgc,libSceAgc,FUNC,1,sceAgcDcbPrimeUtcl2GetSize,HLE_CANDIDATE_VERIFY_AT_RUNTIME
LFSPFmGc9Hg,libSceAgc,libSceAgc,FUNC,1,sceAgcDcbSetWorkloadsActive,HLE_CANDIDATE_VERIFY_AT_RUNTIME
Lkf86B98qPc,libSceAgc,libSceAgc,FUNC,1,sceAgcGetPacketSize,HLE_CANDIDATE_VERIFY_AT_RUNTIME
MDLD5Ly94Xk,libSceAgc,libSceAgc,FUNC,1,sceAgcCbSetUcRegisterRangeDirect,HLE_CANDIDATE_VERIFY_AT_RUNTIME
MMlmJAL7N5w,libSceAgc,libSceAgc,FUNC,1,sceAgcDcbSetBaseDrawIndirectArgsGetSize,HLE_CANDIDATE_VERIFY_AT_RUNTIME
N7M3+N-sBCw,libSceAgc,libSceAgc,FUNC,1,sceAgcDcbPushMarkerSpan,HLE_CANDIDATE_VERIFY_AT_RUNTIME
NKIzURsgV7I,libSceAgc,libSceAgc,FUNC,1,sceAgcGetGsOversubscription,HLE_CANDIDATE_VERIFY_AT_RUNTIME
OQTgEXyihvA,libSceAgc,libSceAgc,FUNC,1,sceAgcSetAmmSemaphoreMemory,HLE_CANDIDATE_VERIFY_AT_RUNTIME
ORWsxIbk4TE,libSceAgc,libSceAgc,FUNC,1,sceAgcCondExecPatchSetEnd,HLE_CANDIDATE_VERIFY_AT_RUNTIME
P1CugZ99Uzc,libSceAgc,libSceAgc,FUNC,1,sceAgcDcbEndOcclusionQueryGetSize,HLE_CANDIDATE_VERIFY_AT_RUNTIME
QhCbS4X9Rl8,libSceAgc,libSceAgc,FUNC,1,sceAgcDcbSetMarker,HLE_CANDIDATE_VERIFY_AT_RUNTIME
QhPDD513V0w,libSceAgc,libSceAgc,FUNC,1,sceAgcDcbSetShRegisterDirectGetSize,HLE_CANDIDATE_VERIFY_AT_RUNTIME
RTpj-tIlvZc,libSceAgc,libSceAgc,FUNC,1,sceAgcSetShaderInstrumentation,HLE_CANDIDATE_VERIFY_AT_RUNTIME
Rlx+bykm0r0,libSceAgc,libSceAgc,FUNC,1,sceAgcDcbDrawIndexMultiInstanced,HLE_CANDIDATE_VERIFY_AT_RUNTIME
SwI6QxqwAC0,libSceAgc,libSceAgc,FUNC,1,sceAgcGetShaderInstrumentation,HLE_CANDIDATE_VERIFY_AT_RUNTIME
T6xuVw0KUJo,libSceAgc,libSceAgc,FUNC,1,sceAgcDebugRaiseException,HLE_CANDIDATE_VERIFY_AT_RUNTIME
TGEZzUWLbrc,libSceAgc,libSceAgc,FUNC,1,sceAgcCbSetUcRegistersDirectGetSize,HLE_CANDIDATE_VERIFY_AT_RUNTIME
UQGTw4xRlcM,libSceAgc,libSceAgc,FUNC,1,sceAgcDcbSetUcRegistersIndirectGetSize,HLE_CANDIDATE_VERIFY_AT_RUNTIME
W0WEyog0f74,libSceAgc,libSceAgc,FUNC,1,sceAgcAcquireMemSetEngine,HLE_CANDIDATE_VERIFY_AT_RUNTIME
XKKuA6VkSRc,libSceAgc,libSceAgc,FUNC,1,sceAgcAcbAtomicMem,HLE_CANDIDATE_VERIFY_AT_RUNTIME
XN+Iuu7XsM8,libSceAgc,libSceAgc,FUNC,1,sceAgcDcbSetZPassPredicationEnableGetSize,HLE_CANDIDATE_VERIFY_AT_RUNTIME
Y-5vneiBtzk,libSceAgc,libSceAgc,FUNC,1,sceAgcAcbEventWriteGetSize,HLE_CANDIDATE_VERIFY_AT_RUNTIME
Y3ymLfZ1384,libSceAgc,libSceAgc,FUNC,1,sceAgcUpdatePrimState,HLE_CANDIDATE_VERIFY_AT_RUNTIME
YWTKOju587o,libSceAgc,libSceAgc,FUNC,1,sceAgcCondExecPatchSetCommandAddress,HLE_CANDIDATE_VERIFY_AT_RUNTIME
b5u0Jzm8TF8,libSceAgc,libSceAgc,FUNC,1,sceAgcDcbCopyDataGetSize,HLE_CANDIDATE_VERIFY_AT_RUNTIME
bxGoVxpdSPQ,libSceAgc,libSceAgc,FUNC,1,sceAgcCbSetShRegisterRangeDirectGetSize,HLE_CANDIDATE_VERIFY_AT_RUNTIME
d4NZIlguzv0,libSceAgc,libSceAgc,FUNC,1,sceAgcAsyncWriteDataPatchSetAddressOrOffset,HLE_CANDIDATE_VERIFY_AT_RUNTIME
da1Sm8-QDoU,libSceAgc,libSceAgc,FUNC,1,sceAgcAcbAtomicMemGetSize,HLE_CANDIDATE_VERIFY_AT_RUNTIME
eCjKaqeeQ5s,libSceAgc,libSceAgc,FUNC,1,sceAgcAcbPrimeUtcl2GetSize,HLE_CANDIDATE_VERIFY_AT_RUNTIME
eWaWyFegzgQ,libSceAgc,libSceAgc,FUNC,1,sceAgcAsyncRewindPatchSetRewindState,HLE_CANDIDATE_VERIFY_AT_RUNTIME
ebixW91gpPw,libSceAgc,libSceAgc,FUNC,1,sceAgcAcbSetFlip,HLE_CANDIDATE_VERIFY_AT_RUNTIME
fRG-JOH5+sI,libSceAgc,libSceAgc,FUNC,1,sceAgcSetUcRegIndirectPatchSetNumRegisters,HLE_CANDIDATE_VERIFY_AT_RUNTIME
gQkqkLttcpw,libSceAgc,libSceAgc,FUNC,1,,HLE_CANDIDATE_VERIFY_AT_RUNTIME
hEK26Wdny6s,libSceAgc,libSceAgc,FUNC,1,sceAgcDcbSetWorkloadComplete,HLE_CANDIDATE_VERIFY_AT_RUNTIME
hFQ9pUxoLQ4,libSceAgc,libSceAgc,FUNC,1,sceAgcGetSemaphoreLabel,HLE_CANDIDATE_VERIFY_AT_RUNTIME
hcIxS8pmXF4,libSceAgc,libSceAgc,FUNC,1,sceAgcAcbAtomicGdsGetSize,HLE_CANDIDATE_VERIFY_AT_RUNTIME
idlaArvdXEs,libSceAgc,libSceAgc,FUNC,1,sceAgcAcbWaitOnAddressGetSize,HLE_CANDIDATE_VERIFY_AT_RUNTIME
jt3pl7EN17o,libSceAgc,libSceAgc,FUNC,1,sceAgcDcbPrimeUtcl2,HLE_CANDIDATE_VERIFY_AT_RUNTIME
k-JpyR2dYAM,libSceAgc,libSceAgc,FUNC,1,sceAgcAsyncCondExecPatchSetEnd,HLE_CANDIDATE_VERIFY_AT_RUNTIME
k0E7vkgqAuE,libSceAgc,libSceAgc,FUNC,1,,HLE_CANDIDATE_VERIFY_AT_RUNTIME
kUlvghKs-mA,libSceAgc,libSceAgc,FUNC,1,sceAgcDcbDrawIndirectMulti,HLE_CANDIDATE_VERIFY_AT_RUNTIME
mR9j7+SfM34,libSceAgc,libSceAgc,FUNC,1,sceAgcDcbDrawIndexMultiInstancedGetSize,HLE_CANDIDATE_VERIFY_AT_RUNTIME
ms1xVoZ-Vwc,libSceAgc,libSceAgc,FUNC,1,sceAgcDcbBeginOcclusionQueryGetSize,HLE_CANDIDATE_VERIFY_AT_RUNTIME
n8vgpaQg6dA,libSceAgc,libSceAgc,FUNC,1,sceAgcSetRangePredication,HLE_CANDIDATE_VERIFY_AT_RUNTIME
nCUgItdN2ms,libSceAgc,libSceAgc,FUNC,1,sceAgcSetShRegIndirectPatchSetNumRegisters,HLE_CANDIDATE_VERIFY_AT_RUNTIME
nNlUtdDDvZ0,libSceAgc,libSceAgc,FUNC,1,sceAgcDcbSetShRegistersIndirectGetSize,HLE_CANDIDATE_VERIFY_AT_RUNTIME
opR1JeJZCBU,libSceAgc,libSceAgc,FUNC,1,sceAgcAcbSetWorkloadComplete,HLE_CANDIDATE_VERIFY_AT_RUNTIME
ou16V5hh5sg,libSceAgc,libSceAgc,FUNC,1,sceAgcDcbCondExecGetSize,HLE_CANDIDATE_VERIFY_AT_RUNTIME
oz6zQq1JwCE,libSceAgc,libSceAgc,FUNC,1,sceAgcDcbAtomicMemGetSize,HLE_CANDIDATE_VERIFY_AT_RUNTIME
ozKzBP4aki4,libSceAgc,libSceAgc,FUNC,1,sceAgcAcbCondExecGetSize,HLE_CANDIDATE_VERIFY_AT_RUNTIME
p9tI+yTvx68,libSceAgc,libSceAgc,FUNC,1,sceAgcDcbWriteDataGetSize,HLE_CANDIDATE_VERIFY_AT_RUNTIME
pFLArOT53+w,libSceAgc,libSceAgc,FUNC,1,sceAgcDcbSetShRegisterDirect,HLE_CANDIDATE_VERIFY_AT_RUNTIME
pYoKs3lPy88,libSceAgc,libSceAgc,FUNC,1,sceAgcDcbDrawIndirectMultiGetSize,HLE_CANDIDATE_VERIFY_AT_RUNTIME
pxx-GoOSdw4,libSceAgc,libSceAgc,FUNC,1,sceAgcAcbSetMarkerSpan,HLE_CANDIDATE_VERIFY_AT_RUNTIME
q4VuU-QsLOE,libSceAgc,libSceAgc,FUNC,1,sceAgcAcbMemSemaphore,HLE_CANDIDATE_VERIFY_AT_RUNTIME
qyM2bxYFPAk,libSceAgc,libSceAgc,FUNC,1,sceAgcAcbCondExec,HLE_CANDIDATE_VERIFY_AT_RUNTIME
qzMN2XKGA4k,libSceAgc,libSceAgc,FUNC,1,sceAgcAcbCopyData,HLE_CANDIDATE_VERIFY_AT_RUNTIME
rP5xLdOf26k,libSceAgc,libSceAgc,FUNC,1,,HLE_CANDIDATE_VERIFY_AT_RUNTIME
rVOmPz2RBlg,libSceAgc,libSceAgc,FUNC,1,sceAgcAcbSetWorkloadsActive,HLE_CANDIDATE_VERIFY_AT_RUNTIME
s+VGAMDQ0AQ,libSceAgc,libSceAgc,FUNC,1,sceAgcGetDataPacketPayloadRange,HLE_CANDIDATE_VERIFY_AT_RUNTIME
szG7hz2yEhA,libSceAgc,libSceAgc,FUNC,1,sceAgcAcbPrimeUtcl2,HLE_CANDIDATE_VERIFY_AT_RUNTIME
vLrBL8DQiz8,libSceAgc,libSceAgc,FUNC,1,sceAgcDcbSetPredicationDisableGetSize,HLE_CANDIDATE_VERIFY_AT_RUNTIME
whb1RL7K4Ss,libSceAgc,libSceAgc,FUNC,1,sceAgcSetCxRegIndirectPatchSetNumRegisters,HLE_CANDIDATE_VERIFY_AT_RUNTIME
xAeBOa0A3kk,libSceAgc,libSceAgc,FUNC,1,sceAgcAcbSetMarker,HLE_CANDIDATE_VERIFY_AT_RUNTIME
y5K5tPktiL8,libSceAgc,libSceAgc,FUNC,1,sceAgcAsyncWriteDataPatchSetCachePolicy,HLE_CANDIDATE_VERIFY_AT_RUNTIME
yUBESvCCJ4I,libSceAgc,libSceAgc,FUNC,1,sceAgcCbSetShRegistersDirectGetSize,HLE_CANDIDATE_VERIFY_AT_RUNTIME
yheJGN-ay+A,libSceAgc,libSceAgc,FUNC,1,sceAgcDcbSetBoolPredicationEnableGetSize,HLE_CANDIDATE_VERIFY_AT_RUNTIME
zARR5aCmkoY,libSceAgc,libSceAgc,FUNC,1,,HLE_CANDIDATE_VERIFY_AT_RUNTIME
zg6u-N6Otxs,libSceAgc,libSceAgc,FUNC,1,sceAgcDcbQueueEndOfShaderActionGetSize,HLE_CANDIDATE_VERIFY_AT_RUNTIME
+T8Xo6LtFJI,libSceAgcDriver,libSceAgcDriver,FUNC,1,sceAgcDriverAgrSubmitMultiDcbs,HLE_CANDIDATE_VERIFY_AT_RUNTIME
+TN0oRTBxJQ,libSceAgcDriver,libSceAgcDriver,FUNC,1,sceAgcDriverIsTraceInProgress,HLE_CANDIDATE_VERIFY_AT_RUNTIME
+iAOE3jCnkk,libSceAgcDriver,libSceAgcDriver,FUNC,1,sceAgcDriverSetSubmitValidationMode,HLE_CANDIDATE_VERIFY_AT_RUNTIME
3AyTaWcF-H8,libSceAgcDriver,libSceAgcDriver,FUNC,1,sceAgcDriverRegisterWorkloadStream,HLE_CANDIDATE_VERIFY_AT_RUNTIME
5CdQTZIQPxM,libSceAgcDriver,libSceAgcDriver,FUNC,1,sceAgcDriverGetEqEventType,HLE_CANDIDATE_VERIFY_AT_RUNTIME
5l3IfCFJxBs,libSceAgcDriver,libSceAgcDriver,FUNC,1,sceAgcDriverFindResourcesPublic,HLE_CANDIDATE_VERIFY_AT_RUNTIME
8F5j7U-Bq6s,libSceAgcDriver,libSceAgcDriver,FUNC,1,sceAgcDriverSetValidationErrorOutputFrequency,HLE_CANDIDATE_VERIFY_AT_RUNTIME
AhGvpITrf4M,libSceAgcDriver,libSceAgcDriver,FUNC,1,sceAgcDriverAgrSubmitDcb,HLE_CANDIDATE_VERIFY_AT_RUNTIME
Ddwk4gLT5j0,libSceAgcDriver,libSceAgcDriver,FUNC,1,sceAgcDriverIsCaptureInProgress,HLE_CANDIDATE_VERIFY_AT_RUNTIME
FOwvmNlFLjM,libSceAgcDriver,libSceAgcDriver,FUNC,1,sceAgcDriverRequestCaptureStop,HLE_CANDIDATE_VERIFY_AT_RUNTIME
HF3YllT3mXU,libSceAgcDriver,libSceAgcDriver,FUNC,1,sceAgcDriverSubmitMultiAcbs,HLE_CANDIDATE_VERIFY_AT_RUNTIME
ICaGtkEIXTk,libSceAgcDriver,libSceAgcDriver,FUNC,1,sceAgcDriverGetSubmitValidationConfig,HLE_CANDIDATE_VERIFY_AT_RUNTIME
LepGrgk77sM,libSceAgcDriver,libSceAgcDriver,FUNC,1,sceAgcDriverGetOwnerName,HLE_CANDIDATE_VERIFY_AT_RUNTIME
M9yBzRKkjPc,libSceAgcDriver,libSceAgcDriver,FUNC,1,sceAgcDriverGetResourceName,HLE_CANDIDATE_VERIFY_AT_RUNTIME
NghWEUXp1qM,libSceAgcDriver,libSceAgcDriver,FUNC,1,sceAgcDriverGetResourceBaseAddressAndSizeInBytes,HLE_CANDIDATE_VERIFY_AT_RUNTIME
SAfhzJPcjuk,libSceAgcDriver,libSceAgcDriver,FUNC,1,sceAgcDriverRequestCaptureStart,HLE_CANDIDATE_VERIFY_AT_RUNTIME
VOMSpd9+vxU,libSceAgcDriver,libSceAgcDriver,FUNC,1,sceAgcDriverSetResourceUserData,HLE_CANDIDATE_VERIFY_AT_RUNTIME
WHIOMbb+iIU,libSceAgcDriver,libSceAgcDriver,FUNC,1,sceAgcDriverGetSubmitValidationMode,HLE_CANDIDATE_VERIFY_AT_RUNTIME
Xq5WmbwPTnQ,libSceAgcDriver,libSceAgcDriver,FUNC,1,sceAgcDriverTriggerCapture,HLE_CANDIDATE_VERIFY_AT_RUNTIME
Zw7uUVPulbw,libSceAgcDriver,libSceAgcDriver,FUNC,1,sceAgcDriverGetEqContextId,HLE_CANDIDATE_VERIFY_AT_RUNTIME
chJWZcNSzjk,libSceAgcDriver,libSceAgcDriver,FUNC,1,sceAgcDriverSetSubmitValidationConfig,HLE_CANDIDATE_VERIFY_AT_RUNTIME
emP3ckeS2uo,libSceAgcDriver,libSceAgcDriver,FUNC,1,sceAgcDriverRegisterGdsResource,HLE_CANDIDATE_VERIFY_AT_RUNTIME
ls4jfY576lw,libSceAgcDriver,libSceAgcDriver,FUNC,1,sceAgcDriverGetResourceUserData,HLE_CANDIDATE_VERIFY_AT_RUNTIME
mXn+K9E-wOA,libSceAgcDriver,libSceAgcDriver,FUNC,1,sceAgcDriverGetResourceShaderGuid,HLE_CANDIDATE_VERIFY_AT_RUNTIME
n5ElQVYsU1A,libSceAgcDriver,libSceAgcDriver,FUNC,1,sceAgcDriverUnregisterWorkloadStream,HLE_CANDIDATE_VERIFY_AT_RUNTIME
qspAL8bgcBY,libSceAgcDriver,libSceAgcDriver,FUNC,1,sceAgcDriverIsSubmitValidationEnabled,HLE_CANDIDATE_VERIFY_AT_RUNTIME
rI9lNAXPMIw,libSceAgcDriver,libSceAgcDriver,FUNC,1,sceAgcDriverGetResourceType,HLE_CANDIDATE_VERIFY_AT_RUNTIME
rJUyMrDdxJg,libSceAgcDriver,libSceAgcDriver,FUNC,1,sceAgcDriverGetShaderDebuggingStatus,HLE_CANDIDATE_VERIFY_AT_RUNTIME
WfAiBW8Wcek,libSceAjm,libSceAjm,FUNC,1,sceAjmBatchErrorDump,HLE_CANDIDATE_VERIFY_AT_RUNTIME
eDFeTyi+G3Y,libSceAjm,libSceAjm,FUNC,1,sceAjmDecMp3ParseFrame,HLE_CANDIDATE_VERIFY_AT_RUNTIME
0BMj1hgG+kE,libSceAmpr,libSceAmpr,FUNC,1,sceAmprMeasureCommandSizeWaitOnAddress_04_00,HLE_CANDIDATE_VERIFY_AT_RUNTIME
0RdLmAh7WVo,libSceAmpr,libSceAmpr,FUNC,1,sceAmprMeasureCommandSizePushMarker,HLE_CANDIDATE_VERIFY_AT_RUNTIME
2Hw8gjMdwSY,libSceAmpr,libSceAmpr,FUNC,1,sceAmprMeasureCommandSizeWriteAddressFromCounterPair_04_00,HLE_CANDIDATE_VERIFY_AT_RUNTIME
3OfeY4pzDV0,libSceAmpr,libSceAmpr,FUNC,1,sceAmprMeasureCommandSizePushMarkerWithColor,HLE_CANDIDATE_VERIFY_AT_RUNTIME
4UkZbYKVF7c,libSceAmpr,libSceAmpr,FUNC,1,sceAmprCommandBufferConstructMarker,HLE_CANDIDATE_VERIFY_AT_RUNTIME
4quckD2y7Pg,libSceAmpr,libSceAmpr,FUNC,1,sceAmprCommandBufferSetMarker,HLE_CANDIDATE_VERIFY_AT_RUNTIME
7nXGDGMXSqo,libSceAmpr,libSceAmpr,FUNC,1,sceAmprMeasureCommandSizeReadFileScatter,HLE_CANDIDATE_VERIFY_AT_RUNTIME
BVmR1H8l+XI,libSceAmpr,libSceAmpr,FUNC,1,sceAmprAprCommandBufferReadFileGatherScatter,HLE_CANDIDATE_VERIFY_AT_RUNTIME
ClnsFLLLcss,libSceAmpr,libSceAmpr,FUNC,1,sceAmprMeasureCommandSizeWaitOnCounter_04_00,HLE_CANDIDATE_VERIFY_AT_RUNTIME
DLfoNxTFNVk,libSceAmpr,libSceAmpr,FUNC,1,sceAmprCommandBufferWaitOnAddress_04_00,HLE_CANDIDATE_VERIFY_AT_RUNTIME
DXmgc5op8Yw,libSceAmpr,libSceAmpr,FUNC,1,sceAmprMeasureCommandSizeReadFileGatherScatter,HLE_CANDIDATE_VERIFY_AT_RUNTIME
Eul7AGEpjLo,libSceAmpr,libSceAmpr,FUNC,1,sceAmprAprCommandBufferMapBegin,HLE_CANDIDATE_VERIFY_AT_RUNTIME
GmOguNIsuKk,libSceAmpr,libSceAmpr,FUNC,1,sceAmprCommandBufferConstructNop,HLE_CANDIDATE_VERIFY_AT_RUNTIME
I-Qm+MEso5c,libSceAmpr,libSceAmpr,FUNC,1,sceAmprMeasureCommandSizeWriteCounter_04_00,HLE_CANDIDATE_VERIFY_AT_RUNTIME
JYd9g9L+TmE,libSceAmpr,libSceAmpr,FUNC,1,sceAmprMeasureCommandSizeWriteAddressFromCounter_04_00,HLE_CANDIDATE_VERIFY_AT_RUNTIME
Jg-AgkdJHkk,libSceAmpr,libSceAmpr,FUNC,1,sceAmprAprCommandBufferReadFileScatter,HLE_CANDIDATE_VERIFY_AT_RUNTIME
NNIZ-FMyz3M,libSceAmpr,libSceAmpr,FUNC,1,sceAmprMeasureCommandSizeNop,HLE_CANDIDATE_VERIFY_AT_RUNTIME
VEDMaQmJZng,libSceAmpr,libSceAmpr,FUNC,1,sceAmprCommandBufferGetType,HLE_CANDIDATE_VERIFY_AT_RUNTIME
VGkEj4d6-Kg,libSceAmpr,libSceAmpr,FUNC,1,sceAmprMeasureCommandSizeSetMarker,HLE_CANDIDATE_VERIFY_AT_RUNTIME
X169CE6G3Y4,libSceAmpr,libSceAmpr,FUNC,1,sceAmprAprCommandBufferMapEnd,HLE_CANDIDATE_VERIFY_AT_RUNTIME
Xp85BP3+BBI,libSceAmpr,libSceAmpr,FUNC,1,sceAmprMeasureCommandSizeNopWithData,HLE_CANDIDATE_VERIFY_AT_RUNTIME
YPxkUDhgoNI,libSceAmpr,libSceAmpr,FUNC,1,sceAmprAprCommandBufferResetGatherScatterState,HLE_CANDIDATE_VERIFY_AT_RUNTIME
bFEs0Gs6D2A,libSceAmpr,libSceAmpr,FUNC,1,sceAmprAprCommandBufferMapDirectBegin,HLE_CANDIDATE_VERIFY_AT_RUNTIME
bt3LHR9xjK4,libSceAmpr,libSceAmpr,FUNC,1,sceAmprCommandBufferWriteAddressFromTimeCounter_04_00,HLE_CANDIDATE_VERIFY_AT_RUNTIME
cQb8Zr8Q0Y0,libSceAmpr,libSceAmpr,FUNC,1,sceAmprCommandBufferWaitOnCounter_04_00,HLE_CANDIDATE_VERIFY_AT_RUNTIME
dXPaz65HNmk,libSceAmpr,libSceAmpr,FUNC,1,sceAmprCommandBufferPushMarker,HLE_CANDIDATE_VERIFY_AT_RUNTIME
enZm-6GjWqw,libSceAmpr,libSceAmpr,FUNC,1,sceAmprCommandBufferWriteAddressFromCounterPair_04_00,HLE_CANDIDATE_VERIFY_AT_RUNTIME
f12ObAMEi9A,libSceAmpr,libSceAmpr,FUNC,1,sceAmprCommandBufferPushMarkerWithColor,HLE_CANDIDATE_VERIFY_AT_RUNTIME
gAtc79UTt5E,libSceAmpr,libSceAmpr,FUNC,1,sceAmprMeasureCommandSizeWriteAddressFromTimeCounter_04_00,HLE_CANDIDATE_VERIFY_AT_RUNTIME
iwTNhyaemnw,libSceAmpr,libSceAmpr,FUNC,1,sceAmprMeasureCommandSizeMapEnd,HLE_CANDIDATE_VERIFY_AT_RUNTIME
jK+yuYCI7MA,libSceAmpr,libSceAmpr,FUNC,1,sceAmprCommandBufferWriteCounter_04_00,HLE_CANDIDATE_VERIFY_AT_RUNTIME
kdFImtTD0hc,libSceAmpr,libSceAmpr,FUNC,1,sceAmprMeasureCommandSizeMapBegin,HLE_CANDIDATE_VERIFY_AT_RUNTIME
mZSbNJVJpV8,libSceAmpr,libSceAmpr,FUNC,1,sceAmprAprCommandBufferReadFileGather,HLE_CANDIDATE_VERIFY_AT_RUNTIME
mv0O8Zg0woU,libSceAmpr,libSceAmpr,FUNC,1,sceAmprCommandBufferPopMarker,HLE_CANDIDATE_VERIFY_AT_RUNTIME
pFQ9UHpO52s,libSceAmpr,libSceAmpr,FUNC,1,sceAmprCommandBufferNopWithData,HLE_CANDIDATE_VERIFY_AT_RUNTIME
pbnNnahE8vk,libSceAmpr,libSceAmpr,FUNC,1,sceAmprMeasureCommandSizePopMarker,HLE_CANDIDATE_VERIFY_AT_RUNTIME
qesF88X4DRg,libSceAmpr,libSceAmpr,FUNC,1,sceAmprMeasureCommandSizeReadFileGather,HLE_CANDIDATE_VERIFY_AT_RUNTIME
qvbdJc7bG+s,libSceAmpr,libSceAmpr,FUNC,1,sceAmprMeasureCommandSizeMapDirectBegin,HLE_CANDIDATE_VERIFY_AT_RUNTIME
rddQYXM0CjM,libSceAmpr,libSceAmpr,FUNC,1,sceAmprMeasureCommandSizeResetGatherScatterState,HLE_CANDIDATE_VERIFY_AT_RUNTIME
sWbST0oQKsc,libSceAmpr,libSceAmpr,FUNC,1,sceAmprCommandBufferSetMarkerWithColor,HLE_CANDIDATE_VERIFY_AT_RUNTIME
t4ExS+SwLjs,libSceAmpr,libSceAmpr,FUNC,1,sceAmprCommandBufferWriteAddressFromCounter_04_00,HLE_CANDIDATE_VERIFY_AT_RUNTIME
tNn5WBkta60,libSceAmpr,libSceAmpr,FUNC,1,sceAmprCommandBufferNop,HLE_CANDIDATE_VERIFY_AT_RUNTIME
tmfr97+ED5I,libSceAmpr,libSceAmpr,FUNC,1,sceAmprMeasureCommandSizeSetMarkerWithColor,HLE_CANDIDATE_VERIFY_AT_RUNTIME
LYVV9z8+owM,libSceGameUpdate,libSceGameUpdate,FUNC,1,sceGameUpdateCheck,HLE_CANDIDATE_VERIFY_AT_RUNTIME
UvcvKaFvupA,libSceGameUpdate,libSceGameUpdate,FUNC,1,sceGameUpdateCreateRequest,HLE_CANDIDATE_VERIFY_AT_RUNTIME
bcCyjHN5sn0,libSceGameUpdate,libSceGameUpdate,FUNC,1,sceGameUpdateDeleteRequest,HLE_CANDIDATE_VERIFY_AT_RUNTIME
d1CNGEOaK28,libSceGameUpdate,libSceGameUpdate,FUNC,1,sceGameUpdateAbortRequest,HLE_CANDIDATE_VERIFY_AT_RUNTIME
-xm7kZQNpHI,libSceHttp,libSceHttp,FUNC,1,sceHttpSetEpoll,HLE_CANDIDATE_VERIFY_AT_RUNTIME
0a2TBNfE3BU,libSceHttp,libSceHttp,FUNC,1,sceHttpGetStatusCode,HLE_CANDIDATE_VERIFY_AT_RUNTIME
1e2BNwI-XzE,libSceHttp,libSceHttp,FUNC,1,sceHttpSendRequest,HLE_CANDIDATE_VERIFY_AT_RUNTIME
59tL1AQBb8U,libSceHttp,libSceHttp,FUNC,1,sceHttpUnsetEpoll,HLE_CANDIDATE_VERIFY_AT_RUNTIME
6381dWF+xsQ,libSceHttp,libSceHttp,FUNC,1,sceHttpCreateEpoll,HLE_CANDIDATE_VERIFY_AT_RUNTIME
Aeu5wVKkF9w,libSceHttp,libSceHttp,FUNC,1,sceHttpCreateRequestWithURL,HLE_CANDIDATE_VERIFY_AT_RUNTIME
EY28T2bkN7k,libSceHttp,libSceHttp,FUNC,1,sceHttpAddRequestHeader,HLE_CANDIDATE_VERIFY_AT_RUNTIME
P5pdoykPYTk,libSceHttp,libSceHttp,FUNC,1,sceHttpReadData,HLE_CANDIDATE_VERIFY_AT_RUNTIME
P6A3ytpsiYc,libSceHttp,libSceHttp,FUNC,1,sceHttpDeleteConnection,HLE_CANDIDATE_VERIFY_AT_RUNTIME
PDxS48xGQLs,libSceHttp,libSceHttp,FUNC,1,sceHttpSetChunkedTransferEnabled,HLE_CANDIDATE_VERIFY_AT_RUNTIME
YuOW3dDAKYc,libSceHttp,libSceHttp,FUNC,1,sceHttpUriEscape,HLE_CANDIDATE_VERIFY_AT_RUNTIME
htyBOoWeS58,libSceHttp,libSceHttp,FUNC,1,sceHttpsSetSslCallback,HLE_CANDIDATE_VERIFY_AT_RUNTIME
hvG6GfBMXg8,libSceHttp,libSceHttp,FUNC,1,sceHttpAbortRequest,HLE_CANDIDATE_VERIFY_AT_RUNTIME
qISjDHrxONc,libSceHttp,libSceHttp,FUNC,1,sceHttpWaitRequest,HLE_CANDIDATE_VERIFY_AT_RUNTIME
qe7oZ+v4PWA,libSceHttp,libSceHttp,FUNC,1,sceHttpDeleteRequest,HLE_CANDIDATE_VERIFY_AT_RUNTIME
qgxDBjorUxs,libSceHttp,libSceHttp,FUNC,1,sceHttpCreateConnectionWithURL,HLE_CANDIDATE_VERIFY_AT_RUNTIME
s2-NPIvz+iA,libSceHttp,libSceHttp,FUNC,1,sceHttpSetNonblock,HLE_CANDIDATE_VERIFY_AT_RUNTIME
wYhXVfS2Et4,libSceHttp,libSceHttp,FUNC,1,sceHttpDestroyEpoll,HLE_CANDIDATE_VERIFY_AT_RUNTIME
yuO2H2Uvnos,libSceHttp,libSceHttp,FUNC,1,sceHttpGetResponseContentLength,HLE_CANDIDATE_VERIFY_AT_RUNTIME
+wCt7fCijgk,libSceHttp2,libSceHttp2,FUNC,1,sceHttp2CreateTemplate,HLE_CANDIDATE_VERIFY_AT_RUNTIME
-rdXUi2XW90,libSceHttp2,libSceHttp2,FUNC,1,sceHttp2GetAllResponseHeaders,HLE_CANDIDATE_VERIFY_AT_RUNTIME
9XYJwCf3lEA,libSceHttp2,libSceHttp2,FUNC,1,sceHttp2GetStatusCode,HLE_CANDIDATE_VERIFY_AT_RUNTIME
A+NVAFu4eCg,libSceHttp2,libSceHttp2,FUNC,1,sceHttp2SendRequestAsync,HLE_CANDIDATE_VERIFY_AT_RUNTIME
IZ-qjhRqvjk,libSceHttp2,libSceHttp2,FUNC,1,sceHttp2AbortRequest,HLE_CANDIDATE_VERIFY_AT_RUNTIME
MOp-AUhdfi8,libSceHttp2,libSceHttp2,FUNC,1,sceHttp2WaitAsync,HLE_CANDIDATE_VERIFY_AT_RUNTIME
bGN-6zbo7ms,libSceHttp2,libSceHttp2,FUNC,1,sceHttp2ReadDataAsync,HLE_CANDIDATE_VERIFY_AT_RUNTIME
c8D9qIjo8EY,libSceHttp2,libSceHttp2,FUNC,1,sceHttp2DeleteRequest,HLE_CANDIDATE_VERIFY_AT_RUNTIME
mmyOCxQMVYQ,libSceHttp2,libSceHttp2,FUNC,1,sceHttp2CreateRequestWithURL,HLE_CANDIDATE_VERIFY_AT_RUNTIME
nrPfOE8TQu0,libSceHttp2,libSceHttp2,FUNC,1,sceHttp2AddRequestHeader,HLE_CANDIDATE_VERIFY_AT_RUNTIME
o0DBQpFE13o,libSceHttp2,libSceHttp2,FUNC,1,sceHttp2GetResponseContentLength,HLE_CANDIDATE_VERIFY_AT_RUNTIME
pDom5-078DA,libSceHttp2,libSceHttp2,FUNC,1,sceHttp2DeleteTemplate,HLE_CANDIDATE_VERIFY_AT_RUNTIME
PMVehSlfZ94,libSceIme,libSceIme,FUNC,1,sceImeKeyboardClose,HLE_CANDIDATE_VERIFY_AT_RUNTIME
K+rocojkr-I,libSceJpegEnc,libSceJpegEnc,FUNC,1,sceJpegEncCreate,HLE_CANDIDATE_VERIFY_AT_RUNTIME
QbrU0cUghEM,libSceJpegEnc,libSceJpegEnc,FUNC,1,sceJpegEncEncode,HLE_CANDIDATE_VERIFY_AT_RUNTIME
j1LyMdaM+C0,libSceJpegEnc,libSceJpegEnc,FUNC,1,sceJpegEncDelete,HLE_CANDIDATE_VERIFY_AT_RUNTIME
o6ZgXfFdWXQ,libSceJpegEnc,libSceJpegEnc,FUNC,1,sceJpegEncQueryMemorySize,HLE_CANDIDATE_VERIFY_AT_RUNTIME
304ooNZxWDY,libSceNet,libSceNet,FUNC,1,sceNetRecvfrom,HLE_CANDIDATE_VERIFY_AT_RUNTIME
9vA2aW+CHuA,libSceNet,libSceNet,FUNC,1,sceNetInetNtop,HLE_CANDIDATE_VERIFY_AT_RUNTIME
9wO9XrMsNhc,libSceNet,libSceNet,FUNC,1,sceNetRecv,HLE_CANDIDATE_VERIFY_AT_RUNTIME
Apb4YDxKsRI,libSceNet,libSceNet,FUNC,1,sceNetResolverStartAton,HLE_CANDIDATE_VERIFY_AT_RUNTIME
Inp1lfL+Jdw,libSceNet,libSceNet,FUNC,1,sceNetEpollDestroy,HLE_CANDIDATE_VERIFY_AT_RUNTIME
Nd91WaWmG2w,libSceNet,libSceNet,FUNC,1,sceNetResolverStartNtoa,HLE_CANDIDATE_VERIFY_AT_RUNTIME
OXXX4mUk3uk,libSceNet,libSceNet,FUNC,1,sceNetConnect,HLE_CANDIDATE_VERIFY_AT_RUNTIME
SF47kB2MNTo,libSceNet,libSceNet,FUNC,1,sceNetEpollCreate,HLE_CANDIDATE_VERIFY_AT_RUNTIME
TSM6whtekok,libSceNet,libSceNet,FUNC,1,sceNetShutdown,HLE_CANDIDATE_VERIFY_AT_RUNTIME
ZVw46bsasAk,libSceNet,libSceNet,FUNC,1,sceNetEpollControl,HLE_CANDIDATE_VERIFY_AT_RUNTIME
beRjXBn-z+o,libSceNet,libSceNet,FUNC,1,sceNetSend,HLE_CANDIDATE_VERIFY_AT_RUNTIME
drjIbDbA7UQ,libSceNet,libSceNet,FUNC,1,sceNetEpollWait,HLE_CANDIDATE_VERIFY_AT_RUNTIME
gvD1greCu0A,libSceNet,libSceNet,FUNC,1,sceNetSendto,HLE_CANDIDATE_VERIFY_AT_RUNTIME
hLuXdjHnhiI,libSceNet,libSceNet,FUNC,1,sceNetGetSockInfo,HLE_CANDIDATE_VERIFY_AT_RUNTIME
hoOAofhhRvE,libSceNet,libSceNet,FUNC,1,sceNetGetsockname,HLE_CANDIDATE_VERIFY_AT_RUNTIME
w21YgGGNtBk,libSceNet,libSceNet,FUNC,1,sceNetEpollAbort,HLE_CANDIDATE_VERIFY_AT_RUNTIME
xphrZusl78E,libSceNet,libSceNet,FUNC,1,sceNetGetsockopt,HLE_CANDIDATE_VERIFY_AT_RUNTIME
zJGf8xjFnQE,libSceNet,libSceNet,FUNC,1,sceNetSocketAbort,HLE_CANDIDATE_VERIFY_AT_RUNTIME
0aR2aWmQal4,libSceNpCommerce,libSceNpCommerce,FUNC,1,sceNpCommerceDialogInitialize,HLE_CANDIDATE_VERIFY_AT_RUNTIME
DfSCDRA3EjY,libSceNpCommerce,libSceNpCommerce,FUNC,1,sceNpCommerceDialogOpen,HLE_CANDIDATE_VERIFY_AT_RUNTIME
LR5cwFMMCVE,libSceNpCommerce,libSceNpCommerce,FUNC,1,sceNpCommerceDialogUpdateStatus,HLE_CANDIDATE_VERIFY_AT_RUNTIME
m-I92Ab50W8,libSceNpCommerce,libSceNpCommerce,FUNC,1,sceNpCommerceDialogTerminate,HLE_CANDIDATE_VERIFY_AT_RUNTIME
r42bWcQbtZY,libSceNpCommerce,libSceNpCommerce,FUNC,1,sceNpCommerceDialogGetResult,HLE_CANDIDATE_VERIFY_AT_RUNTIME
-QZoGsAmbh8,libSceNpCppWebApi,libSceNpCppWebApi,FUNC,1,_ZNK3sce2Np9CppWebApi6Common11TransactionINS2_12IntrusivePtrINS1_12Leaderboards2V123RecordScoreResponseBodyEEENS4_INS6_9RecordApi26RecordScoreResponseHeadersEEEE11getResponseERS8_,NATIVE_PRX_OR_DATA_VERIFY_AT_RUNTIME
0oIoKcDA0Fw,libSceNpCppWebApi,libSceNpCppWebApi,FUNC,1,_ZN3sce2Np9CppWebApi6Common21DownStreamTransactionINS2_12IntrusivePtrINS1_17TitleCloudStorage2V17DataApi27DownloadDataResponseHeadersEEEE6finishEv,NATIVE_PRX_OR_DATA_VERIFY_AT_RUNTIME
26SufKG5x4M,libSceNpCppWebApi,libSceNpCppWebApi,FUNC,1,_ZN3sce2Np9CppWebApi17TitleCloudStorage2V17DataApi23ParameterToDownloadData9terminateEv,NATIVE_PRX_OR_DATA_VERIFY_AT_RUNTIME
3YR0qZiM9gI,libSceNpCppWebApi,libSceNpCppWebApi,FUNC,1,_ZN3sce2Np9CppWebApi6Common19UpStreamTransactionINS2_12IntrusivePtrINS1_12Leaderboards2V127RecordLargeDataResponseBodyEEENS4_INS2_18ResponseHeaderBaseEEEE5startEPNS2_10LibContextEm,NATIVE_PRX_OR_DATA_VERIFY_AT_RUNTIME
7dqFi7Dvzgo,libSceNpCppWebApi,libSceNpCppWebApi,FUNC,1,_ZN3sce2Np9CppWebApi6Common15TransactionBaseINS2_12IntrusivePtrINS1_12Leaderboards2V130GetBoardDefinitionResponseBodyEEENS4_INS2_18ResponseHeaderBaseEEEE6finishEv,NATIVE_PRX_OR_DATA_VERIFY_AT_RUNTIME
8YtcWzYdIRs,libSceNpCppWebApi,libSceNpCppWebApi,FUNC,1,_ZN3sce2Np9CppWebApi6Common12IntrusivePtrINS1_12Leaderboards2V19RecordApi26RecordScoreResponseHeadersEED1Ev,NATIVE_PRX_OR_DATA_VERIFY_AT_RUNTIME
8i5JWALfIoY,libSceNpCppWebApi,libSceNpCppWebApi,FUNC,1,_ZN3sce2Np9CppWebApi12Leaderboards2V122RecordScoreRequestBody12setSmallDataEPKvm,NATIVE_PRX_OR_DATA_VERIFY_AT_RUNTIME
8sRfYnV7XlA,libSceNpCppWebApi,libSceNpCppWebApi,FUNC,1,_ZN3sce2Np9CppWebApi12Leaderboards2V19RecordApi22ParameterToRecordScore10initializeEPNS1_6Common10LibContextEiNS6_12IntrusivePtrINS3_22RecordScoreRequestBodyEEE,NATIVE_PRX_OR_DATA_VERIFY_AT_RUNTIME
8x++mBOUeso,libSceNpCppWebApi,libSceNpCppWebApi,FUNC,1,_ZN3sce2Np9CppWebApi6Common10InitParamsC1Ev,NATIVE_PRX_OR_DATA_VERIFY_AT_RUNTIME
9YWXkd3AZAk,libSceNpCppWebApi,libSceNpCppWebApi,FUNC,1,_ZN3sce2Np9CppWebApi17TitleCloudStorage2V17DataApi12downloadDataEiRKNS4_23ParameterToDownloadDataERNS1_6Common21DownStreamTransactionINS8_12IntrusivePtrINS4_27DownloadDataResponseHeadersEEEEE,NATIVE_PRX_OR_DATA_VERIFY_AT_RUNTIME
9sti7vTvx2U,libSceNpCppWebApi,libSceNpCppWebApi,FUNC,1,_ZN3sce2Np9CppWebApi12Leaderboards2V19RecordApi26ParameterToRecordLargeData10initializeEPNS1_6Common10LibContextEiNS5_19XPsnAtomicOperationEPKc,NATIVE_PRX_OR_DATA_VERIFY_AT_RUNTIME
9y9YsMBbUq0,libSceNpCppWebApi,libSceNpCppWebApi,FUNC,1,_ZN3sce2Np9CppWebApi6Common6StringC1EPNS2_10LibContextE,NATIVE_PRX_OR_DATA_VERIFY_AT_RUNTIME
AS1rCnSRF1g,libSceNpCppWebApi,libSceNpCppWebApi,FUNC,1,_ZN3sce2Np9CppWebApi6Common19UpStreamTransactionINS2_12IntrusivePtrINS1_12Leaderboards2V127RecordLargeDataResponseBodyEEENS4_INS2_18ResponseHeaderBaseEEEE8sendDataEPKvm,NATIVE_PRX_OR_DATA_VERIFY_AT_RUNTIME
Bbc2pDcwP0g,libSceNpCppWebApi,libSceNpCppWebApi,FUNC,1,_ZN3sce2Np9CppWebApi12Leaderboards2V17ViewApi21ParameterToGetRankingC1Ev,NATIVE_PRX_OR_DATA_VERIFY_AT_RUNTIME
BcrC80L8i0Q,libSceNpCppWebApi,libSceNpCppWebApi,FUNC,1,_ZN3sce2Np9CppWebApi6Common12IntrusivePtrINS1_12Leaderboards2V122GetRankingResponseBodyEED1Ev,NATIVE_PRX_OR_DATA_VERIFY_AT_RUNTIME
Cb3IRwKPJPI,libSceNpCppWebApi,libSceNpCppWebApi,FUNC,1,_ZN3sce2Np9CppWebApi12Leaderboards2V19BoardsApi29ParameterToGetBoardDefinition9terminateEv,NATIVE_PRX_OR_DATA_VERIFY_AT_RUNTIME
D3tUMw-ZqcM,libSceNpCppWebApi,libSceNpCppWebApi,FUNC,1,_ZN3sce2Np9CppWebApi12Leaderboards2V17ViewApi21ParameterToGetRanking10initializeEPNS1_6Common10LibContextEi,NATIVE_PRX_OR_DATA_VERIFY_AT_RUNTIME
DNmJw98YzUU,libSceNpCppWebApi,libSceNpCppWebApi,FUNC,1,_ZN3sce2Np9CppWebApi6Common6StringD1Ev,NATIVE_PRX_OR_DATA_VERIFY_AT_RUNTIME
E8BmtbByVKs,libSceNpCppWebApi,libSceNpCppWebApi,FUNC,1,_ZN3sce2Np9CppWebApi17TitleCloudStorage2V17DataApi23ParameterToDownloadDataC1Ev,NATIVE_PRX_OR_DATA_VERIFY_AT_RUNTIME
F5yaU6TEU8g,libSceNpCppWebApi,libSceNpCppWebApi,FUNC,1,_ZN3sce2Np9CppWebApi12Leaderboards2V121GetRankingRequestBody8setUsersERKNS1_6Common6VectorINS5_12IntrusivePtrINS3_4UserEEEEE,NATIVE_PRX_OR_DATA_VERIFY_AT_RUNTIME
GJu2OLJK5Eo,libSceNpCppWebApi,libSceNpCppWebApi,FUNC,1,_ZN3sce2Np9CppWebApi6Common12IntrusivePtrINS1_12Leaderboards2V122RecordScoreRequestBodyEED1Ev,NATIVE_PRX_OR_DATA_VERIFY_AT_RUNTIME
IQOtjPPUJZM,libSceNpCppWebApi,libSceNpCppWebApi,FUNC,1,_ZN3sce2Np9CppWebApi12Leaderboards2V19RecordApi22ParameterToRecordScoreC1Ev,NATIVE_PRX_OR_DATA_VERIFY_AT_RUNTIME
KD0NkSaIi1M,libSceNpCppWebApi,libSceNpCppWebApi,FUNC,1,_ZN3sce2Np9CppWebApi6Common12IntrusivePtrINS1_12Leaderboards2V130GetBoardDefinitionResponseBodyEED1Ev,NATIVE_PRX_OR_DATA_VERIFY_AT_RUNTIME
Kg1U7CAbtio,libSceNpCppWebApi,libSceNpCppWebApi,FUNC,1,_ZN3sce2Np9CppWebApi6Common15TransactionBaseINS2_12IntrusivePtrINS1_12Leaderboards2V127RecordLargeDataResponseBodyEEENS4_INS2_18ResponseHeaderBaseEEEE6finishEv,NATIVE_PRX_OR_DATA_VERIFY_AT_RUNTIME
Ma7+aWJsXow,libSceNpCppWebApi,libSceNpCppWebApi,FUNC,1,_ZN3sce2Np9CppWebApi12Leaderboards2V17ViewApi21ParameterToGetRanking9terminateEv,NATIVE_PRX_OR_DATA_VERIFY_AT_RUNTIME
MkSmI8WCSvM,libSceNpCppWebApi,libSceNpCppWebApi,FUNC,1,_ZN3sce2Np9CppWebApi12Leaderboards2V17ViewApi22getLargeDataByObjectIdEiRKNS4_33ParameterToGetLargeDataByObjectIdERNS1_6Common21DownStreamTransactionINS8_12IntrusivePtrINS4_37GetLargeDataByObjectIdResponseHeadersEEEEE,NATIVE_PRX_OR_DATA_VERIFY_AT_RUNTIME
Mnp3qDir4NU,libSceNpCppWebApi,libSceNpCppWebApi,FUNC,1,_ZN3sce2Np9CppWebApi6Common15TransactionBaseINS2_12IntrusivePtrINS1_12Leaderboards2V122GetRankingResponseBodyEEENS4_INS2_18ResponseHeaderBaseEEEE6finishEv,NATIVE_PRX_OR_DATA_VERIFY_AT_RUNTIME
N78k-Vryooc,libSceNpCppWebApi,libSceNpCppWebApi,FUNC,1,_ZN3sce2Np9CppWebApi6Common6VectorINS2_12IntrusivePtrINS1_12Leaderboards2V14UserEEEED1Ev,NATIVE_PRX_OR_DATA_VERIFY_AT_RUNTIME
O+VoB8m5MXA,libSceNpCppWebApi,libSceNpCppWebApi,FUNC,1,_ZN3sce2Np9CppWebApi12Leaderboards2V122RecordScoreRequestBody10setCommentEPKc,NATIVE_PRX_OR_DATA_VERIFY_AT_RUNTIME
OfSm8N8i+XA,libSceNpCppWebApi,libSceNpCppWebApi,FUNC,1,_ZN3sce2Np9CppWebApi6Common15TransactionBaseINS2_12IntrusivePtrINS1_12Leaderboards2V123RecordScoreResponseBodyEEENS4_INS6_9RecordApi26RecordScoreResponseHeadersEEEE6finishEv,NATIVE_PRX_OR_DATA_VERIFY_AT_RUNTIME
OlMxxnDBfEg,libSceNpCppWebApi,libSceNpCppWebApi,FUNC,1,_ZNK3sce2Np9CppWebApi12Leaderboards2V19RecordApi26RecordScoreResponseHeaders24getXPsnAtomicOperationIdEv,NATIVE_PRX_OR_DATA_VERIFY_AT_RUNTIME
Q0fKqfQeXnI,libSceNpCppWebApi,libSceNpCppWebApi,FUNC,1,_ZN3sce2Np9CppWebApi12Leaderboards2V19RecordApi22ParameterToRecordScore22setxPsnAtomicOperationENS5_19XPsnAtomicOperationE,NATIVE_PRX_OR_DATA_VERIFY_AT_RUNTIME
QxB6IX2hOYg,libSceNpCppWebApi,libSceNpCppWebApi,FUNC,1,_ZNK3sce2Np9CppWebApi6Common15TransactionBaseINS2_12IntrusivePtrINS1_12Leaderboards2V123RecordScoreResponseBodyEEENS4_INS6_9RecordApi26RecordScoreResponseHeadersEEEE18getResponseHeadersERSB_,NATIVE_PRX_OR_DATA_VERIFY_AT_RUNTIME
R5QhFOlpzjo,libSceNpCppWebApi,libSceNpCppWebApi,FUNC,1,_ZN3sce2Np9CppWebApi12Leaderboards2V19RecordApi22ParameterToRecordScore9terminateEv,NATIVE_PRX_OR_DATA_VERIFY_AT_RUNTIME
RM35a8uFre4,libSceNpCppWebApi,libSceNpCppWebApi,FUNC,1,_ZN3sce2Np9CppWebApi12Leaderboards2V129RecordScoreRequestBodyFactory6createEPNS1_6Common10LibContextElPNS5_12IntrusivePtrINS3_22RecordScoreRequestBodyEEE,NATIVE_PRX_OR_DATA_VERIFY_AT_RUNTIME
SUOUmSmPy5E,libSceNpCppWebApi,libSceNpCppWebApi,FUNC,1,_ZNK3sce2Np9CppWebApi12Leaderboards2V15Entry11getOnlineIdEv,NATIVE_PRX_OR_DATA_VERIFY_AT_RUNTIME
TJz8sDUa6n4,libSceNpCppWebApi,libSceNpCppWebApi,FUNC,1,_ZN3sce2Np9CppWebApi6Common21DownStreamTransactionINS2_12IntrusivePtrINS1_12Leaderboards2V17ViewApi37GetLargeDataByObjectIdResponseHeadersEEEE5startEPNS2_10LibContextE,NATIVE_PRX_OR_DATA_VERIFY_AT_RUNTIME
V2NelZNoJwI,libSceNpCppWebApi,libSceNpCppWebApi,FUNC,1,_ZN3sce2Np9CppWebApi6Common21DownStreamTransactionINS2_12IntrusivePtrINS1_17TitleCloudStorage2V17DataApi27DownloadDataResponseHeadersEEEE5startEPNS2_10LibContextE,NATIVE_PRX_OR_DATA_VERIFY_AT_RUNTIME
W12G2P+s074,libSceNpCppWebApi,libSceNpCppWebApi,FUNC,1,_ZN3sce2Np9CppWebApi12Leaderboards2V122GetRankingResponseBody10getEntriesEv,NATIVE_PRX_OR_DATA_VERIFY_AT_RUNTIME
Y+pTVRiUcHo,libSceNpCppWebApi,libSceNpCppWebApi,FUNC,1,_ZN3sce2Np9CppWebApi6Common21DownStreamTransactionINS2_12IntrusivePtrINS1_12Leaderboards2V17ViewApi37GetLargeDataByObjectIdResponseHeadersEEEE6finishEv,NATIVE_PRX_OR_DATA_VERIFY_AT_RUNTIME
Y+u-l+LxGIs,libSceNpCppWebApi,libSceNpCppWebApi,FUNC,1,_ZN3sce2Np9CppWebApi12Leaderboards2V19RecordApi11recordScoreEiRKNS4_22ParameterToRecordScoreERNS1_6Common11TransactionINS8_12IntrusivePtrINS3_23RecordScoreResponseBodyEEENSA_INS4_26RecordScoreResponseHeadersEEEEE,NATIVE_PRX_OR_DATA_VERIFY_AT_RUNTIME
ZkSM1nh5zM8,libSceNpCppWebApi,libSceNpCppWebApi,FUNC,1,_ZN3sce2Np9CppWebApi12Leaderboards2V19BoardsApi29ParameterToGetBoardDefinitionC1Ev,NATIVE_PRX_OR_DATA_VERIFY_AT_RUNTIME
bEwJsewIngA,libSceNpCppWebApi,libSceNpCppWebApi,FUNC,1,_ZN3sce2Np9CppWebApi12Leaderboards2V128GetRankingRequestBodyFactory6createEPNS1_6Common10LibContextEPNS5_12IntrusivePtrINS3_21GetRankingRequestBodyEEE,NATIVE_PRX_OR_DATA_VERIFY_AT_RUNTIME
c00bHjdQxuc,libSceNpCppWebApi,libSceNpCppWebApi,FUNC,1,_ZN3sce2Np9CppWebApi12Leaderboards2V19RecordApi26ParameterToRecordLargeDataC1Ev,NATIVE_PRX_OR_DATA_VERIFY_AT_RUNTIME
ctghP7Sf6+c,libSceNpCppWebApi,libSceNpCppWebApi,FUNC,1,_ZN3sce2Np9CppWebApi12Leaderboards2V17ViewApi10getRankingEiRKNS4_21ParameterToGetRankingERNS1_6Common11TransactionINS8_12IntrusivePtrINS3_22GetRankingResponseBodyEEENSA_INS8_18ResponseHeaderBaseEEEEE,NATIVE_PRX_OR_DATA_VERIFY_AT_RUNTIME
dVCh5JiPsSY,libSceNpCppWebApi,libSceNpCppWebApi,FUNC,1,_ZNK3sce2Np9CppWebApi6Common6String5c_strEv,NATIVE_PRX_OR_DATA_VERIFY_AT_RUNTIME
eyiQGHPBIKI,libSceNpCppWebApi,libSceNpCppWebApi,FUNC,1,_ZN3sce2Np9CppWebApi12Leaderboards2V17ViewApi33ParameterToGetLargeDataByObjectIdC1Ev,NATIVE_PRX_OR_DATA_VERIFY_AT_RUNTIME
fhRcPQVoEqM,libSceNpCppWebApi,libSceNpCppWebApi,FUNC,1,_ZN3sce2Np9CppWebApi12Leaderboards2V17ViewApi33ParameterToGetLargeDataByObjectId9terminateEv,NATIVE_PRX_OR_DATA_VERIFY_AT_RUNTIME
gxlgckSr7z4,libSceNpCppWebApi,libSceNpCppWebApi,FUNC,1,_ZN3sce2Np9CppWebApi6Common12IntrusivePtrINS1_12Leaderboards2V14UserEED1Ev,NATIVE_PRX_OR_DATA_VERIFY_AT_RUNTIME
hH7KHku1lqs,libSceNpCppWebApi,libSceNpCppWebApi,FUNC,1,_ZN3sce2Np9CppWebApi17TitleCloudStorage2V17DataApi23ParameterToDownloadData10initializeEPNS1_6Common10LibContextEPKci,NATIVE_PRX_OR_DATA_VERIFY_AT_RUNTIME
hjzv6lEAIuI,libSceNpCppWebApi,libSceNpCppWebApi,FUNC,1,_ZN3sce2Np9CppWebApi12Leaderboards2V19BoardsApi18getBoardDefinitionEiRKNS4_29ParameterToGetBoardDefinitionERNS1_6Common11TransactionINS8_12IntrusivePtrINS3_30GetBoardDefinitionResponseBodyEEENSA_INS8_18ResponseHeaderBaseEEEEE,NATIVE_PRX_OR_DATA_VERIFY_AT_RUNTIME
jTcdCjMNdrk,libSceNpCppWebApi,libSceNpCppWebApi,FUNC,1,_ZN3sce2Np9CppWebApi12Leaderboards2V19BoardsApi29ParameterToGetBoardDefinition10initializeEPNS1_6Common10LibContextEi,NATIVE_PRX_OR_DATA_VERIFY_AT_RUNTIME
jX6HZUWtU8g,libSceNpCppWebApi,libSceNpCppWebApi,FUNC,1,_ZN3sce2Np9CppWebApi12Leaderboards2V19RecordApi15recordLargeDataEiRKNS4_26ParameterToRecordLargeDataERNS1_6Common19UpStreamTransactionINS8_12IntrusivePtrINS3_27RecordLargeDataResponseBodyEEENSA_INS8_18ResponseHeaderBaseEEEEE,NATIVE_PRX_OR_DATA_VERIFY_AT_RUNTIME
jaVd5xkK0tU,libSceNpCppWebApi,libSceNpCppWebApi,FUNC,1,_ZN3sce2Np9CppWebApi12Leaderboards2V111UserFactory6createEPNS1_6Common10LibContextEPNS5_12IntrusivePtrINS3_4UserEEE,NATIVE_PRX_OR_DATA_VERIFY_AT_RUNTIME
kVGz48sqNJM,libSceNpCppWebApi,libSceNpCppWebApi,FUNC,1,_ZN3sce2Np9CppWebApi6Common21DownStreamTransactionINS2_12IntrusivePtrINS1_17TitleCloudStorage2V17DataApi27DownloadDataResponseHeadersEEEE8readDataEPcm,NATIVE_PRX_OR_DATA_VERIFY_AT_RUNTIME
mVKcd5NwiWE,libSceNpCppWebApi,libSceNpCppWebApi,FUNC,1,_ZN3sce2Np9CppWebApi6Common12IntrusivePtrINS1_12Leaderboards2V123RecordScoreResponseBodyEED1Ev,NATIVE_PRX_OR_DATA_VERIFY_AT_RUNTIME
ncIcckZh0rk,libSceNpCppWebApi,libSceNpCppWebApi,FUNC,1,_ZN3sce2Np9CppWebApi6Common21DownStreamTransactionINS2_12IntrusivePtrINS1_12Leaderboards2V17ViewApi37GetLargeDataByObjectIdResponseHeadersEEEE8readDataEPcm,NATIVE_PRX_OR_DATA_VERIFY_AT_RUNTIME
o6kFQQ6TGg4,libSceNpCppWebApi,libSceNpCppWebApi,FUNC,1,_ZNK3sce2Np9CppWebApi6Common11TransactionINS2_12IntrusivePtrINS1_12Leaderboards2V130GetBoardDefinitionResponseBodyEEENS4_INS2_18ResponseHeaderBaseEEEE11getResponseERS8_,NATIVE_PRX_OR_DATA_VERIFY_AT_RUNTIME
oTirsxQpqj0,libSceNpCppWebApi,libSceNpCppWebApi,FUNC,1,_ZN3sce2Np9CppWebApi6Common9terminateERNS2_10LibContextE,NATIVE_PRX_OR_DATA_VERIFY_AT_RUNTIME
owrpOxU0eoE,libSceNpCppWebApi,libSceNpCppWebApi,FUNC,1,_ZN3sce2Np9CppWebApi6Common6VectorINS2_12IntrusivePtrINS1_12Leaderboards2V14UserEEEE8pushBackERKS8_,NATIVE_PRX_OR_DATA_VERIFY_AT_RUNTIME
rBNBuzCGsLQ,libSceNpCppWebApi,libSceNpCppWebApi,FUNC,1,_ZN3sce2Np9CppWebApi6Common15TransactionBaseINS2_12IntrusivePtrINS1_12Leaderboards2V123RecordScoreResponseBodyEEENS4_INS6_9RecordApi26RecordScoreResponseHeadersEEEE5startEPNS2_10LibContextE,NATIVE_PRX_OR_DATA_VERIFY_AT_RUNTIME
s7YtGdt8Sg4,libSceNpCppWebApi,libSceNpCppWebApi,FUNC,1,_ZN3sce2Np9CppWebApi6Common15TransactionBaseINS2_12IntrusivePtrINS1_12Leaderboards2V130GetBoardDefinitionResponseBodyEEENS4_INS2_18ResponseHeaderBaseEEEE5startEPNS2_10LibContextE,NATIVE_PRX_OR_DATA_VERIFY_AT_RUNTIME
sCnkOGMZjH8,libSceNpCppWebApi,libSceNpCppWebApi,FUNC,1,_ZN3sce2Np9CppWebApi12Leaderboards2V17ViewApi33ParameterToGetLargeDataByObjectId10initializeEPNS1_6Common10LibContextEPKc,NATIVE_PRX_OR_DATA_VERIFY_AT_RUNTIME
sSr4mR33SaY,libSceNpCppWebApi,libSceNpCppWebApi,FUNC,1,_ZN3sce2Np9CppWebApi12Leaderboards2V19RecordApi26ParameterToRecordLargeData9terminateEv,NATIVE_PRX_OR_DATA_VERIFY_AT_RUNTIME
syDD+xcUmEs,libSceNpCppWebApi,libSceNpCppWebApi,FUNC,1,_ZN3sce2Np9CppWebApi6Common12IntrusivePtrINS1_12Leaderboards2V121GetRankingRequestBodyEED1Ev,NATIVE_PRX_OR_DATA_VERIFY_AT_RUNTIME
v+tXF9ppYiQ,libSceNpCppWebApi,libSceNpCppWebApi,FUNC,1,_ZNK3sce2Np9CppWebApi6Common11TransactionINS2_12IntrusivePtrINS1_12Leaderboards2V122GetRankingResponseBodyEEENS4_INS2_18ResponseHeaderBaseEEEE11getResponseERS8_,NATIVE_PRX_OR_DATA_VERIFY_AT_RUNTIME
xZ2OF6809Mk,libSceNpCppWebApi,libSceNpCppWebApi,FUNC,1,_ZN3sce2Np9CppWebApi12Leaderboards2V17ViewApi21ParameterToGetRanking24setgetRankingRequestBodyENS1_6Common12IntrusivePtrINS3_21GetRankingRequestBodyEEE,NATIVE_PRX_OR_DATA_VERIFY_AT_RUNTIME
ysAnsG6EfkM,libSceNpCppWebApi,libSceNpCppWebApi,FUNC,1,_ZN3sce2Np9CppWebApi6Common12IntrusivePtrINS2_6VectorINS3_INS1_12Leaderboards2V15EntryEEEEEED1Ev,NATIVE_PRX_OR_DATA_VERIFY_AT_RUNTIME
z3id8GlN+Hc,libSceNpCppWebApi,libSceNpCppWebApi,FUNC,1,_ZN3sce2Np9CppWebApi6Common15TransactionBaseINS2_12IntrusivePtrINS1_12Leaderboards2V122GetRankingResponseBodyEEENS4_INS2_18ResponseHeaderBaseEEEE5startEPNS2_10LibContextE,NATIVE_PRX_OR_DATA_VERIFY_AT_RUNTIME
jEIXUAr9XE8,libSceNpGameIntent,libSceNpGameIntent,FUNC,1,sceNpGameIntentReceiveIntent,HLE_CANDIDATE_VERIFY_AT_RUNTIME
rPl0INNc-M8,libSceNpGameIntent,libSceNpGameIntent,FUNC,1,sceNpGameIntentGetPropertyValueString,HLE_CANDIDATE_VERIFY_AT_RUNTIME
3Tcz5bNCfZQ,libSceNpManager,libSceNpManager,FUNC,1,sceNpGetAccountLanguage2,HLE_CANDIDATE_VERIFY_AT_RUNTIME
GpLQDNKICac,libSceNpManager,libSceNpManager,FUNC,1,sceNpCreateRequest,HLE_CANDIDATE_VERIFY_AT_RUNTIME
M3wFXbYQtAA,libSceNpManager,libSceNpManager,FUNC,1,sceNpUnregisterStateCallbackA,HLE_CANDIDATE_VERIFY_AT_RUNTIME
O80NrhUOPGY,libSceNpManager,libSceNpManager,FUNC,1,sceNpCheckPremium,HLE_CANDIDATE_VERIFY_AT_RUNTIME
OzKvTvg3ZYU,libSceNpManager,libSceNpManager,FUNC,1,sceNpAbortRequest,HLE_CANDIDATE_VERIFY_AT_RUNTIME
P6piso307SE,libSceNpManager,libSceNpManager,FUNC,1,sceNpNotifyPremiumFeature,HLE_CANDIDATE_VERIFY_AT_RUNTIME
eiqMCt9UshI,libSceNpManager,libSceNpManager,FUNC,1,sceNpCreateAsyncRequest,HLE_CANDIDATE_VERIFY_AT_RUNTIME
uqcPJLWL08M,libSceNpManager,libSceNpManager,FUNC,1,sceNpPollAsync,HLE_CANDIDATE_VERIFY_AT_RUNTIME
CqJuNXo5yiM,libSceNpSessionSignaling,libSceNpSessionSignaling,FUNC,1,sceNpSessionSignalingTerminate,HLE_CANDIDATE_VERIFY_AT_RUNTIME
Z9Q9LzQDXf0,libSceNpSessionSignaling,libSceNpSessionSignaling,FUNC,1,sceNpSessionSignalingDestroyContext,HLE_CANDIDATE_VERIFY_AT_RUNTIME
aBuX0PX-T7I,libSceNpSessionSignaling,libSceNpSessionSignaling,FUNC,1,sceNpSessionSignalingCreateContext2,HLE_CANDIDATE_VERIFY_AT_RUNTIME
cQkBH-pXhF0,libSceNpSessionSignaling,libSceNpSessionSignaling,FUNC,1,sceNpSessionSignalingDeactivate,HLE_CANDIDATE_VERIFY_AT_RUNTIME
r4XacqHvkn4,libSceNpSessionSignaling,libSceNpSessionSignaling,FUNC,1,sceNpSessionSignalingActivateSession,HLE_CANDIDATE_VERIFY_AT_RUNTIME
yJw2m6UWDYU,libSceNpSessionSignaling,libSceNpSessionSignaling,FUNC,1,sceNpSessionSignalingGetConnectionInfo,HLE_CANDIDATE_VERIFY_AT_RUNTIME
AzD4irAcKE4,libSceNpUniversalDataSystem,libSceNpUniversalDataSystem,FUNC,1,sceNpUniversalDataSystemEventPropertyObjectSetUInt32,HLE_CANDIDATE_VERIFY_AT_RUNTIME
Hm7qubT3b70,libSceNpUniversalDataSystem,libSceNpUniversalDataSystem,FUNC,1,sceNpUniversalDataSystemCreateEventPropertyArray,HLE_CANDIDATE_VERIFY_AT_RUNTIME
JmgwKm96Lq4,libSceNpUniversalDataSystem,libSceNpUniversalDataSystem,FUNC,1,sceNpUniversalDataSystemEventPropertyArraySetFloat32,HLE_CANDIDATE_VERIFY_AT_RUNTIME
W-0xwY0ZMjw,libSceNpUniversalDataSystem,libSceNpUniversalDataSystem,FUNC,1,sceNpUniversalDataSystemDestroyEventPropertyArray,HLE_CANDIDATE_VERIFY_AT_RUNTIME
XY14n3jNIpE,libSceNpUniversalDataSystem,libSceNpUniversalDataSystem,FUNC,1,sceNpUniversalDataSystemEventPropertyArraySetObject,HLE_CANDIDATE_VERIFY_AT_RUNTIME
YE4dbtbz6OE,libSceNpUniversalDataSystem,libSceNpUniversalDataSystem,FUNC,1,sceNpUniversalDataSystemEventPropertyObjectSetInt32,HLE_CANDIDATE_VERIFY_AT_RUNTIME
kKUH0Viib3c,libSceNpUniversalDataSystem,libSceNpUniversalDataSystem,FUNC,1,sceNpUniversalDataSystemDestroyEventPropertyObject,HLE_CANDIDATE_VERIFY_AT_RUNTIME
s6W4Zl4Slgk,libSceNpUniversalDataSystem,libSceNpUniversalDataSystem,FUNC,1,sceNpUniversalDataSystemCreateEventPropertyObject,HLE_CANDIDATE_VERIFY_AT_RUNTIME
su7jW3VDDb4,libSceNpUniversalDataSystem,libSceNpUniversalDataSystem,FUNC,1,sceNpUniversalDataSystemGetMemoryStat,HLE_CANDIDATE_VERIFY_AT_RUNTIME
xvsP5Yz6FmY,libSceNpUniversalDataSystem,libSceNpUniversalDataSystem,FUNC,1,sceNpUniversalDataSystemEventPropertyObjectSetUInt64,HLE_CANDIDATE_VERIFY_AT_RUNTIME
3EI-OSJ65Xc,libSceNpWebApi2,libSceNpWebApi2,FUNC,1,sceNpWebApi2CreateRequest,HLE_CANDIDATE_VERIFY_AT_RUNTIME
9X9+cneTGUU,libSceNpWebApi2,libSceNpWebApi2,FUNC,1,sceNpWebApi2DeleteUserContext,HLE_CANDIDATE_VERIFY_AT_RUNTIME
AAj9X+4aGYA,libSceNpWebApi2,libSceNpWebApi2,FUNC,1,sceNpWebApi2PushEventStartPushContextCallback,HLE_CANDIDATE_VERIFY_AT_RUNTIME
KJdPcOGmK58,libSceNpWebApi2,libSceNpWebApi2,FUNC,1,sceNpWebApi2PushEventDeleteFilter,HLE_CANDIDATE_VERIFY_AT_RUNTIME
NNVf18SlbT8,libSceNpWebApi2,libSceNpWebApi2,FUNC,1,sceNpWebApi2PushEventCreatePushContext,HLE_CANDIDATE_VERIFY_AT_RUNTIME
OOY9+ObfKec,libSceNpWebApi2,libSceNpWebApi2,FUNC,1,sceNpWebApi2ReadData,HLE_CANDIDATE_VERIFY_AT_RUNTIME
PmyrbbJSFz0,libSceNpWebApi2,libSceNpWebApi2,FUNC,1,sceNpWebApi2PushEventUnregisterPushContextCallback,HLE_CANDIDATE_VERIFY_AT_RUNTIME
QafxeZM3WK4,libSceNpWebApi2,libSceNpWebApi2,FUNC,1,sceNpWebApi2PushEventDeletePushContext,HLE_CANDIDATE_VERIFY_AT_RUNTIME
egOOvrnF6mI,libSceNpWebApi2,libSceNpWebApi2,FUNC,1,sceNpWebApi2AddHttpRequestHeader,HLE_CANDIDATE_VERIFY_AT_RUNTIME
fIATVMo4Y1w,libSceNpWebApi2,libSceNpWebApi2,FUNC,1,sceNpWebApi2PushEventDeleteHandle,HLE_CANDIDATE_VERIFY_AT_RUNTIME
fY3QqeNkF8k,libSceNpWebApi2,libSceNpWebApi2,FUNC,1,sceNpWebApi2PushEventRegisterCallback,HLE_CANDIDATE_VERIFY_AT_RUNTIME
hOnIlcGrO6g,libSceNpWebApi2,libSceNpWebApi2,FUNC,1,sceNpWebApi2PushEventUnregisterCallback,HLE_CANDIDATE_VERIFY_AT_RUNTIME
lQOCF84lvzw,libSceNpWebApi2,libSceNpWebApi2,FUNC,1,sceNpWebApi2SendRequest,HLE_CANDIDATE_VERIFY_AT_RUNTIME
lxtHJMwBsaU,libSceNpWebApi2,libSceNpWebApi2,FUNC,1,sceNpWebApi2PushEventRegisterPushContextCallback,HLE_CANDIDATE_VERIFY_AT_RUNTIME
vvzWO-DvG1s,libSceNpWebApi2,libSceNpWebApi2,FUNC,1,sceNpWebApi2DeleteRequest,HLE_CANDIDATE_VERIFY_AT_RUNTIME
HVAa744ecdw,libScePlayGo,libScePlayGo,FUNC,1,scePlayGoPrefetchOptionalChunk,HLE_CANDIDATE_VERIFY_AT_RUNTIME
IfiN+-oeVWI,libScePlayGo,libScePlayGo,FUNC,1,scePlayGoGetSupportedOptionalChunk,HLE_CANDIDATE_VERIFY_AT_RUNTIME
g4AZyxpSAlA,libScePlayGo,libScePlayGo,FUNC,1,scePlayGoGetOptionalChunk,HLE_CANDIDATE_VERIFY_AT_RUNTIME
7aGTPfrqT9s,libScePngEnc,libScePngEnc,FUNC,1,scePngEncCreate,HLE_CANDIDATE_VERIFY_AT_RUNTIME
9030RnBDoh4,libScePngEnc,libScePngEnc,FUNC,1,scePngEncQueryMemorySize,HLE_CANDIDATE_VERIFY_AT_RUNTIME
RUrWdwTWZy8,libScePngEnc,libScePngEnc,FUNC,1,scePngEncDelete,HLE_CANDIDATE_VERIFY_AT_RUNTIME
xgDjJKpcyHo,libScePngEnc,libScePngEnc,FUNC,1,scePngEncEncode,HLE_CANDIDATE_VERIFY_AT_RUNTIME
FSGaTQze0UY,libScePsml,libScePsml,FUNC,1,scePsmlMfsrSelectConfig,HLE_CANDIDATE_VERIFY_AT_RUNTIME
GHna9-DvnUk,libScePsml,libScePsml,FUNC,1,scePsmlMfsrGetMipmapBias,HLE_CANDIDATE_VERIFY_AT_RUNTIME
GJY0MvuTcs8,libScePsml,libScePsml,FUNC,1,scePsmlMfsrRequestCapture,HLE_CANDIDATE_VERIFY_AT_RUNTIME
JaLBe0P3jSU,libScePsml,libScePsml,FUNC,1,scePsmlMfsrReleaseContext,HLE_CANDIDATE_VERIFY_AT_RUNTIME
LXq+6mIxpCw,libScePsml,libScePsml,FUNC,1,scePsmlMfsrIsCaptureInProgress,HLE_CANDIDATE_VERIFY_AT_RUNTIME
jEevBXmagOQ,libScePsml,libScePsml,FUNC,1,scePsmlMfsrReleaseSharedResources,HLE_CANDIDATE_VERIFY_AT_RUNTIME
z1JA8-iJt3k,libSceSaveData_native,libSceSaveData_native,FUNC,1,sceSaveDataBackup,HLE_CANDIDATE_VERIFY_AT_RUNTIME
Bw31liTFT3A,libSceSigninDialog,libSceSigninDialog,FUNC,1,sceSigninDialogUpdateStatus,HLE_CANDIDATE_VERIFY_AT_RUNTIME
JlpJVoRWv7U,libSceSigninDialog,libSceSigninDialog,FUNC,1,sceSigninDialogOpen,HLE_CANDIDATE_VERIFY_AT_RUNTIME
mlYGfmqE3fQ,libSceSigninDialog,libSceSigninDialog,FUNC,1,sceSigninDialogInitialize,HLE_CANDIDATE_VERIFY_AT_RUNTIME
DOwXL+FQMEY,libSceSsl,libSceSsl,FUNC,1,sceSslGetSerialNumber,HLE_CANDIDATE_VERIFY_AT_RUNTIME
3QYCmMlOlCY,libSceSystemGesture,libSceSystemGesture,FUNC,1,sceSystemGestureFinalizePrimitiveTouchRecognizer,HLE_CANDIDATE_VERIFY_AT_RUNTIME
TSKvgSz5ChU,libSceSystemGesture,libSceSystemGesture,FUNC,1,sceSystemGestureGetTouchEventByIndex,HLE_CANDIDATE_VERIFY_AT_RUNTIME
j4yXIA2jJ68,libSceSystemGesture,libSceSystemGesture,FUNC,1,sceSystemGestureClose,HLE_CANDIDATE_VERIFY_AT_RUNTIME
656LMQSrg6U,libSceSystemService,libSceSystemService,FUNC,1,sceSystemServiceReceiveEvent,HLE_CANDIDATE_VERIFY_AT_RUNTIME
JoBqSQt1yyA,libSceSystemService,libSceSystemService,FUNC,1,sceSystemServiceLoadExec,HLE_CANDIDATE_VERIFY_AT_RUNTIME
HuViW4HnrOw,libSceVideoOut,libSceVideoOut,FUNC,1,sceVideoOutSubmitChangeBufferAttribute2,HLE_CANDIDATE_VERIFY_AT_RUNTIME
+qitMEbkSWk,libc,libc,FUNC,1,vsprintf_s,NATIVE_PRX_OR_DATA_VERIFY_AT_RUNTIME
-7nRJFXMxnM,libc,libc,FUNC,1,fputws,NATIVE_PRX_OR_DATA_VERIFY_AT_RUNTIME
-L+-8F0+gBc,libc,libc,OBJECT,1,_ZTVSt13runtime_error,NATIVE_PRX_OR_DATA_VERIFY_AT_RUNTIME
-LFO7jhD5CE,libc,libc,FUNC,1,ungetc,NATIVE_PRX_OR_DATA_VERIFY_AT_RUNTIME
-QgqOT5u2Vk,libc,libc,FUNC,1,_Assert,NATIVE_PRX_OR_DATA_VERIFY_AT_RUNTIME
1Pk0qZQGeWo,libc,libc,FUNC,1,sscanf,NATIVE_PRX_OR_DATA_VERIFY_AT_RUNTIME
1QJWxoB6pCo,libc,libc,FUNC,1,fputwc,NATIVE_PRX_OR_DATA_VERIFY_AT_RUNTIME
1TDo-ImqkJc,libc,libc,OBJECT,1,_Stdin,NATIVE_PRX_OR_DATA_VERIFY_AT_RUNTIME
1mecP7RgI2A,libc,libc,FUNC,1,gmtime,NATIVE_PRX_OR_DATA_VERIFY_AT_RUNTIME
1uJgoVq3bQU,libc,libc,FUNC,1,_Getptolower,NATIVE_PRX_OR_DATA_VERIFY_AT_RUNTIME
24m4Z4bUaoY,libc,libc,FUNC,1,sscanf_s,NATIVE_PRX_OR_DATA_VERIFY_AT_RUNTIME
2WVBaSdGIds,libc,libc,OBJECT,1,_ZSt3cin,NATIVE_PRX_OR_DATA_VERIFY_AT_RUNTIME
2bASh0rEeXI,libc,libc,OBJECT,1,_ZSt4wcin,NATIVE_PRX_OR_DATA_VERIFY_AT_RUNTIME
2sWzhYqFH4E,libc,libc,OBJECT,1,_Stdout,NATIVE_PRX_OR_DATA_VERIFY_AT_RUNTIME
34nH7v2xvNQ,libc,libc,FUNC,1,wcstoll,NATIVE_PRX_OR_DATA_VERIFY_AT_RUNTIME
5PfqUBaQf4g,libc,libc,OBJECT,1,_ZSt4cout,NATIVE_PRX_OR_DATA_VERIFY_AT_RUNTIME
5bBacGLyLOs,libc,libc,FUNC,1,gmtime_s,NATIVE_PRX_OR_DATA_VERIFY_AT_RUNTIME
7-a7sBHeUQ8,libc,libc,FUNC,1,wcstod,NATIVE_PRX_OR_DATA_VERIFY_AT_RUNTIME
7SXNu+0KBYQ,libc,libc,FUNC,1,wcstof,NATIVE_PRX_OR_DATA_VERIFY_AT_RUNTIME
9nf8joUTSaQ,libc,libc,FUNC,1,_Unlocksyslock,NATIVE_PRX_OR_DATA_VERIFY_AT_RUNTIME
9rMML086SEE,libc,libc,FUNC,1,_ZNSt6locale5_InitEv,NATIVE_PRX_OR_DATA_VERIFY_AT_RUNTIME
Av3zjWi64Kw,libc,libc,FUNC,1,strftime,NATIVE_PRX_OR_DATA_VERIFY_AT_RUNTIME
Cv+zC4EjGMA,libc,libc,OBJECT,1,_ZNSt5ctypeIcE2idE,NATIVE_PRX_OR_DATA_VERIFY_AT_RUNTIME
CvJ3HUPlMIY,libc,libc,OBJECT,1,_ZSt5wcerr,NATIVE_PRX_OR_DATA_VERIFY_AT_RUNTIME
DbEnA+MnVIw,libc,libc,FUNC,1,_Towctrans,NATIVE_PRX_OR_DATA_VERIFY_AT_RUNTIME
DuW5ZqZv-70,libc,libc,FUNC,1,_ZNKSt9exception6_RaiseEv,NATIVE_PRX_OR_DATA_VERIFY_AT_RUNTIME
FQ9NFbBHb5Y,libc,libc,OBJECT,1,_ZSt7_BADOFF,NATIVE_PRX_OR_DATA_VERIFY_AT_RUNTIME
FjZCPmK0SbA,libc,libc,OBJECT,1,_ZNSt7codecvtIwc9_MbstatetE2idE,NATIVE_PRX_OR_DATA_VERIFY_AT_RUNTIME
H4fcpQOpc08,libc,libc,OBJECT,1,_ZNSt6locale2id7_Id_cntE,NATIVE_PRX_OR_DATA_VERIFY_AT_RUNTIME
H8AprKeZtNg,libc,libc,OBJECT,1,_Stderr,NATIVE_PRX_OR_DATA_VERIFY_AT_RUNTIME
MZO7FXyAPU8,libc,libc,FUNC,1,remove,NATIVE_PRX_OR_DATA_VERIFY_AT_RUNTIME
N2f485TmJms,libc,libc,FUNC,1,_ZNSt8ios_base7failureD1Ev,NATIVE_PRX_OR_DATA_VERIFY_AT_RUNTIME
NesIgTmfF0Q,libc,libc,FUNC,1,bsearch,NATIVE_PRX_OR_DATA_VERIFY_AT_RUNTIME
O4L+0oCN9zA,libc,libc,FUNC,1,_FSinh,NATIVE_PRX_OR_DATA_VERIFY_AT_RUNTIME
P8F2oavZXtY,libc,libc,FUNC,1,_ZNSt8ios_baseD2Ev,NATIVE_PRX_OR_DATA_VERIFY_AT_RUNTIME
PdnFCFqKGqA,libc,libc,FUNC,1,_FCosh,NATIVE_PRX_OR_DATA_VERIFY_AT_RUNTIME
PtsB1Q9wsFA,libc,libc,FUNC,1,setlocale,NATIVE_PRX_OR_DATA_VERIFY_AT_RUNTIME
Pu0Ecyk-7FU,libc,libc,FUNC,1,_ZSt13_Xrange_errorPKc,NATIVE_PRX_OR_DATA_VERIFY_AT_RUNTIME
Q1BL70XVV0o,libc,libc,FUNC,1,_ZSt18uncaught_exceptionv,NATIVE_PRX_OR_DATA_VERIFY_AT_RUNTIME
QW2jL1J5rwY,libc,libc,FUNC,1,_ZNSt6locale5facet9_RegisterEv,NATIVE_PRX_OR_DATA_VERIFY_AT_RUNTIME
QZP6I9ZZxpE,libc,libc,FUNC,1,clock,NATIVE_PRX_OR_DATA_VERIFY_AT_RUNTIME
Qoo175Ig+-k,libc,libc,OBJECT,1,_ZSt21_sceLibcClassicLocale,NATIVE_PRX_OR_DATA_VERIFY_AT_RUNTIME
QxqK-IdpumU,libc,libc,FUNC,1,_Getpmbstate,NATIVE_PRX_OR_DATA_VERIFY_AT_RUNTIME
RIa6GnWp+iU,libc,libc,FUNC,1,strerror,NATIVE_PRX_OR_DATA_VERIFY_AT_RUNTIME
RqeErO3cFHU,libc,libc,FUNC,1,_ZSt15set_new_handlerPFvvE,NATIVE_PRX_OR_DATA_VERIFY_AT_RUNTIME
SRI6S9B+-a4,libc,libc,FUNC,1,atof,NATIVE_PRX_OR_DATA_VERIFY_AT_RUNTIME
St9nbxSoezk,libc,libc,FUNC,1,clearerr,NATIVE_PRX_OR_DATA_VERIFY_AT_RUNTIME
TVfbf1sXt0A,libc,libc,OBJECT,1,_ZSt4cerr,NATIVE_PRX_OR_DATA_VERIFY_AT_RUNTIME
V23qt24VPVs,libc,libc,FUNC,1,_ZSt17iostream_categoryv,NATIVE_PRX_OR_DATA_VERIFY_AT_RUNTIME
VPbJwTCgME0,libc,libc,FUNC,1,srand,NATIVE_PRX_OR_DATA_VERIFY_AT_RUNTIME
WViwxtEKxHk,libc,libc,FUNC,1,_ZNSt6locale7_LocimpC1ERKS0_,NATIVE_PRX_OR_DATA_VERIFY_AT_RUNTIME
YQ0navp+YIc,libc,libc,FUNC,1,puts,NATIVE_PRX_OR_DATA_VERIFY_AT_RUNTIME
bZx+FFSlkUM,libc,libc,FUNC,1,_ZdlPvSt11align_val_t,NATIVE_PRX_OR_DATA_VERIFY_AT_RUNTIME
cpCOXWMgha0,libc,libc,FUNC,1,rand,NATIVE_PRX_OR_DATA_VERIFY_AT_RUNTIME
d-YRIvO0jXI,libc,libc,OBJECT,1,_ZSt5wcout,NATIVE_PRX_OR_DATA_VERIFY_AT_RUNTIME
d3dMyWORw8A,libc,libc,FUNC,1,wcstol,NATIVE_PRX_OR_DATA_VERIFY_AT_RUNTIME
eT2UsmTewbU,libc,libc,FUNC,1,_ZSt11_Xbad_allocv,NATIVE_PRX_OR_DATA_VERIFY_AT_RUNTIME
efhK-YSUYYQ,libc,libc,FUNC,1,localtime,NATIVE_PRX_OR_DATA_VERIFY_AT_RUNTIME
fiiNDnNBKVY,libc,libc,FUNC,1,localtime_s,NATIVE_PRX_OR_DATA_VERIFY_AT_RUNTIME
gNQ1V2vfXDE,libc,libc,FUNC,1,setjmp,NATIVE_PRX_OR_DATA_VERIFY_AT_RUNTIME
gjbmYpP-XJQ,libc,libc,FUNC,1,strcoll,NATIVE_PRX_OR_DATA_VERIFY_AT_RUNTIME
hEQ2Yi4PJXA,libc,libc,FUNC,1,_ZNSt6locale16_GetgloballocaleEv,NATIVE_PRX_OR_DATA_VERIFY_AT_RUNTIME
hcuQgD53UxM,libc,libc,FUNC,1,printf,NATIVE_PRX_OR_DATA_VERIFY_AT_RUNTIME
hqi8yMOCmG0,libc,libc,FUNC,1,_ZNSt8_LocinfoC1EPKc,NATIVE_PRX_OR_DATA_VERIFY_AT_RUNTIME
kALvdgEv5ME,libc,libc,FUNC,1,_Locksyslock,NATIVE_PRX_OR_DATA_VERIFY_AT_RUNTIME
lKEN2IebgJ0,libc,libc,FUNC,1,longjmp,NATIVE_PRX_OR_DATA_VERIFY_AT_RUNTIME
m5wN+SwZOR4,libc,libc,FUNC,1,putchar,NATIVE_PRX_OR_DATA_VERIFY_AT_RUNTIME
n7AepwR0s34,libc,libc,FUNC,1,mktime,NATIVE_PRX_OR_DATA_VERIFY_AT_RUNTIME
npLpPTaSuHg,libc,libc,FUNC,1,fscanf,NATIVE_PRX_OR_DATA_VERIFY_AT_RUNTIME
oe9tS0VztYk,libc,libc,FUNC,1,_ZNSt13runtime_errorD2Ev,NATIVE_PRX_OR_DATA_VERIFY_AT_RUNTIME
ozMAr28BwSY,libc,libc,FUNC,1,_ZSt14_Xout_of_rangePKc,NATIVE_PRX_OR_DATA_VERIFY_AT_RUNTIME
p6LrHjIQMdk,libc,libc,FUNC,1,_ZNSt8_LocinfoD1Ev,NATIVE_PRX_OR_DATA_VERIFY_AT_RUNTIME
q+9E0X3aWpU,libc,libc,FUNC,1,_Stoull,NATIVE_PRX_OR_DATA_VERIFY_AT_RUNTIME
qYhnoevd9bI,libc,libc,FUNC,1,_ZSt9terminatev,NATIVE_PRX_OR_DATA_VERIFY_AT_RUNTIME
rcQCUr0EaRU,libc,libc,FUNC,1,_Getptoupper,NATIVE_PRX_OR_DATA_VERIFY_AT_RUNTIME
tQIo+GIPklo,libc,libc,FUNC,1,_ZSt14_Xlength_errorPKc,NATIVE_PRX_OR_DATA_VERIFY_AT_RUNTIME
uuga3RipCKQ,libc,libc,FUNC,1,_ZNSt6locale7_Locimp7_AddfacEPNS_5facetEm,NATIVE_PRX_OR_DATA_VERIFY_AT_RUNTIME
wLlFkwG9UcQ,libc,libc,FUNC,1,time,NATIVE_PRX_OR_DATA_VERIFY_AT_RUNTIME
wZi5ly2guNw,libc,libc,FUNC,1,_Exit,NATIVE_PRX_OR_DATA_VERIFY_AT_RUNTIME
wiR+rIcbnlc,libc,libc,OBJECT,1,_ZSt4_Fpz,NATIVE_PRX_OR_DATA_VERIFY_AT_RUNTIME
xEszJVGpybs,libc,libc,FUNC,1,sprintf_s,NATIVE_PRX_OR_DATA_VERIFY_AT_RUNTIME
yLE5H3058Ao,libc,libc,OBJECT,1,_ZTVNSt8ios_base7failureE,NATIVE_PRX_OR_DATA_VERIFY_AT_RUNTIME
zS94yyJRSUs,libc,libc,FUNC,1,_Getpwcstate,NATIVE_PRX_OR_DATA_VERIFY_AT_RUNTIME
zlfEH8FmyUA,libc,libc,FUNC,1,_Stoul,NATIVE_PRX_OR_DATA_VERIFY_AT_RUNTIME
2pOuoWoCxdk,libkernel,libkernel,FUNC,1,sceKernelAioPollRequest,HLE_CANDIDATE_VERIFY_AT_RUNTIME
5TgME6AYty4,libkernel,libkernel,FUNC,1,sceKernelAioDeleteRequest,HLE_CANDIDATE_VERIFY_AT_RUNTIME
C+Khtbbx2g8,libkernel,libkernel,FUNC,1,sceKernelAprResolveFilepathsWithPrefixToIdsAndFileSizesForEach,HLE_CANDIDATE_VERIFY_AT_RUNTIME
Dbbkj6YHWdo,libkernel,libSceCoredump,FUNC,1,sceCoredumpWriteUserData,HLE_CANDIDATE_VERIFY_AT_RUNTIME
HgX7+AORI58,libkernel,libkernel,FUNC,1,sceKernelAioSubmitReadCommands,HLE_CANDIDATE_VERIFY_AT_RUNTIME
IafI2PxcPnQ,libkernel,libkernel,FUNC,1,scePthreadMutexTimedlock,HLE_CANDIDATE_VERIFY_AT_RUNTIME
NN01qLRhiqU,libkernel,libScePosix,FUNC,1,rename,HLE_CANDIDATE_VERIFY_AT_RUNTIME
QzB4O+bJQyA,libkernel,libkernel,FUNC,1,sceKernelAprResolveFilepathsToIdsAndFileSizesForEach,HLE_CANDIDATE_VERIFY_AT_RUNTIME
T8fER+tIGgk,libkernel,libScePosix,FUNC,1,select,HLE_CANDIDATE_VERIFY_AT_RUNTIME
TUuiYS2kE8s,libkernel,libScePosix,FUNC,1,shutdown,HLE_CANDIDATE_VERIFY_AT_RUNTIME
VB-BtuIW8Xc,libkernel,libkernel,FUNC,1,sceKernelAprResolveFilepathsWithPrefixToIdsForEach,HLE_CANDIDATE_VERIFY_AT_RUNTIME
VW3TVZiM4-E,libkernel,libkernel,FUNC,1,sceKernelFtruncate,HLE_CANDIDATE_VERIFY_AT_RUNTIME
WvEu7yl3Ivg,libkernel,libkernel,FUNC,1,sceKernelAprGetFileSize,HLE_CANDIDATE_VERIFY_AT_RUNTIME
adh--6nIqTk,libkernel,libkernel,FUNC,1,scePthreadRwlockTimedwrlock,HLE_CANDIDATE_VERIFY_AT_RUNTIME
eYAh2vlCY-U,libkernel,libkernel,FUNC,1,sceKernelAprResolveFilepathsToIdsForEach,HLE_CANDIDATE_VERIFY_AT_RUNTIME
fFkhOgztiCA,libkernel,libSceCoredump,FUNC,1,sceCoredumpUnregisterCoredumpHandler,HLE_CANDIDATE_VERIFY_AT_RUNTIME
fTx66l5iWIA,libkernel,libkernel,FUNC,1,sceKernelFsync,HLE_CANDIDATE_VERIFY_AT_RUNTIME
i3HWvW35jao,libkernel,libkernel,FUNC,1,sceKernelAprResolveFilepathsWithPrefixToIds,HLE_CANDIDATE_VERIFY_AT_RUNTIME
iPtZRWICjrM,libkernel,libkernel,FUNC,1,scePthreadRwlockTimedrdlock,HLE_CANDIDATE_VERIFY_AT_RUNTIME
oBr313PppNE,libkernel,libScePosix,FUNC,1,sendto,HLE_CANDIDATE_VERIFY_AT_RUNTIME
pxnCmagrtao,libkernel,libScePosix,FUNC,1,listen,HLE_CANDIDATE_VERIFY_AT_RUNTIME
