library,eboot_unique_nids,direct_sysabi_matches,not_in_direct_sysabi_inventory
libSceAgc,210,107,103
libc,209,120,89
libSceNpCppWebApi,157,88,69
libkernel,126,113,13
libSceAmpr,60,17,43
libSceAgcDriver,43,15,28
libSceNet,34,16,18
libSceHttp,23,4,19
libScePosix,23,18,5
libSceNpUniversalDataSystem,20,10,10
libSceNpWebApi2,20,5,15
libSceAjm,19,17,2
libSceNpManager,16,8,8
libSceAudioOut2,15,15,0
libSceHttp2,14,2,12
libSceSaveData_native,14,13,1
libSceVideoOut,14,13,1
libScePsml,13,7,6
libScePlayGo,12,9,3
libScePad,11,11,0
libSceFiber,9,9,0
libSceSaveDataDialog.native,9,9,0
libSceSystemGesture,9,6,3
libSceNetCtl,8,8,0
libSceNpSessionSignaling,7,1,6
libSceSystemService,7,5,2
libSceUserService,6,6,0
libSceAcm,5,5,0
libSceGameUpdate,5,1,4
libSceImeDialog,5,5,0
libSceJson2,5,5,0
libSceNpCommerce,5,0,5
libSceAudioOut,4,4,0
libSceJpegEnc,4,0,4
libScePngEnc,4,0,4
libSceSsl,4,3,1
libSceCoredump,3,1,2
libSceIme,3,2,1
libSceNpGameIntent,3,1,2
libSceSigninDialog,3,0,3
libSceAppContent,2,2,0
libSceCommonDialog,2,2,0
libSceNpEntitlementAccess,2,2,0
libSceShare,2,2,0
libSceSysmodule,2,2,0
libSceRtc,1,1,0
libSceUserServicePlatformPrivacyWs1,1,1,0
