module_name,import_symbols
libSceAgc,210
libc,209
libSceNpCppWebApi,157
libkernel,153
libSceAmpr,60
libSceAgcDriver,43
libSceNet,34
libSceHttp,23
libSceNpUniversalDataSystem,20
libSceNpWebApi2,20
libSceAudioOut,19
libSceAjm,19
libSceNpManager,16
libSceHttp2,14
libSceSaveData_native,14
libSceVideoOut,14
libScePsml,13
libScePlayGo,12
libScePad,11
libSceFiber,9
libSceSaveDataDialog,9
libSceSystemGesture,9
libSceNetCtl,8
libSceUserService,7
libSceSystemService,7
libSceNpSessionSignaling,7
libSceNpCommerce,5
libSceImeDialog,5
libSceGameUpdate,5
libSceJson,5
libSceAcm,5
libSceSsl,4
libScePngEnc,4
libSceJpegEnc,4
libSceNpGameIntent,3
libSceIme,3
libSceSigninDialog,3
libSceSysmodule,2
libSceNpEntitlementAccess,2
libSceAppContentUtil,2
libSceShare,2
libSceCommonDialog,2
libSceRtc,1
