Module,TotalImports,ImplementedHle,NoHleExport,NamedNoHle,UnknownNoHle
libSceAgc,210,107,103,98,5
libc,209,120,89,89,0
libSceNpCppWebApi,157,88,69,69,0
libSceAmpr,60,17,43,43,0
libSceAgcDriver,43,15,28,28,0
libkernel,153,132,21,21,0
libSceHttp,23,4,19,19,0
libSceNet,34,16,18,18,0
libSceNpWebApi2,20,5,15,15,0
libSceHttp2,14,2,12,12,0
libSceNpUniversalDataSystem,20,10,10,10,0
libSceNpManager,16,8,8,8,0
libSceNpSessionSignaling,7,1,6,6,0
libScePsml,13,7,6,6,0
libSceNpCommerce,5,0,5,5,0
libSceGameUpdate,5,1,4,4,0
libSceJpegEnc,4,0,4,4,0
libScePngEnc,4,0,4,4,0
libScePlayGo,12,9,3,3,0
libSceSigninDialog,3,0,3,3,0
libSceSystemGesture,9,6,3,3,0
libSceAjm,19,17,2,2,0
libSceNpGameIntent,3,1,2,2,0
libSceSystemService,7,5,2,2,0
libSceIme,3,2,1,1,0
libSceSaveData_native,14,13,1,1,0
libSceSsl,4,3,1,1,0
libSceVideoOut,14,13,1,1,0
libSceAcm,5,5,0,0,0
libSceAppContentUtil,2,2,0,0,0
libSceAudioOut,19,19,0,0,0
libSceCommonDialog,2,2,0,0,0
libSceFiber,9,9,0,0,0
libSceImeDialog,5,5,0,0,0
libSceJson,5,5,0,0,0
libSceNetCtl,8,8,0,0,0
libSceNpEntitlementAccess,2,2,0,0,0
libScePad,11,11,0,0,0
libSceRtc,1,1,0,0,0
libSceSaveDataDialog,9,9,0,0,0
libSceShare,2,2,0,0,0
libSceSysmodule,2,2,0,0,0
libSceUserService,7,7,0,0,0
