elapsed_s,live_processes,working_mb,private_mb
1.0,3,136.8,60.1
2.3,3,162.1,80.2
3.4,3,230.2,123.4
4.6,3,587.1,484.6
5.7,3,641.5,5063.4
6.9,3,682.2,6084.1
8.1,3,927.8,6332.5
9.3,3,928.6,6332.6
10.5,3,929.4,6333.3
11.7,3,933.5,6336.9
12.9,3,1056.6,6360.4
14.0,3,1236.2,6448.7
15.2,3,1290.0,6450.7
16.4,3,1327.2,6445.0
17.6,3,1366.1,6445.0
18.8,3,1533.5,6445.1
20.0,3,1697.0,6475.0
21.2,3,1843.2,6479.1
22.4,3,2111.0,6627.2
23.6,3,3400.4,7871.8
24.9,3,3514.0,7998.8
26.2,3,3517.0,8001.7
27.5,3,3710.9,8164.9
28.7,3,5085.9,10235.3
30.0,3,6250.4,11484.2
31.3,3,6255.7,11488.4
32.7,3,6257.1,11489.3
34.0,3,6260.8,11486.0
35.2,3,6787.8,12277.3
36.4,3,7133.1,12602.1
37.7,3,7137.5,12606.1
39.0,3,7125.0,12378.7
40.2,3,7297.3,12586.2
41.4,3,7824.7,13318.9
42.7,3,7829.3,13323.3
44.0,3,7830.2,13126.1
45.2,3,7830.2,13094.1
46.5,3,8430.9,13915.9
47.7,3,8469.7,13923.4
49.0,3,8469.7,13923.4
50.2,3,8422.2,13715.1
51.4,3,8401.4,13899.9
52.7,3,8460.2,13867.8
54.0,3,8460.2,13867.8
55.2,3,8428.2,13658.9
56.4,3,8409.9,13855.8
57.7,3,7854.6,13262.9
58.9,3,7599.3,13005.3
60.2,3,7594.7,12774.0
61.5,3,7589.2,13021.5
62.7,3,7630.4,12989.4
64.0,3,7630.4,12989.4
65.2,3,7608.6,12778.8
66.5,3,7624.0,13035.1
67.7,3,7700.9,13057.0
69.0,3,7711.8,13118.3
70.2,3,7652.9,12908.4
71.5,3,7684.7,13181.2
72.7,3,7388.2,12812.7
74.0,3,7118.6,12527.7
75.2,3,6836.2,12058.2
76.5,3,6775.3,12217.0
77.7,3,6547.4,11879.4
79.0,3,6547.4,11879.4
80.3,3,6524.1,11741.9
81.5,3,6524.1,11741.8
82.7,3,6604.9,12032.8
84.0,3,6605.0,12033.0
85.3,3,6584.8,11786.3
86.5,3,6584.3,11785.3
87.8,3,6937.7,12319.1
89.1,3,6937.8,12319.2
90.3,3,6921.7,12179.4
91.6,3,6889.6,12099.2
92.9,3,6974.8,12387.5
94.2,3,6974.9,12387.6
95.4,3,6974.9,12259.3
96.7,3,6970.3,12157.0
97.9,3,7419.6,12802.9
99.2,3,7558.3,13162.2
100.5,3,7558.3,13098.1
101.7,3,7506.3,12962.2
102.9,3,7538.7,13187.2
104.2,3,7618.9,13261.4
105.4,3,7618.9,13261.4
106.7,3,7603.4,13136.2
107.9,3,7726.4,13266.5
109.1,3,7925.7,13693.9
110.5,3,7921.1,13690.2
111.7,3,7916.8,13459.7
113.0,3,7916.7,13459.7
114.3,3,8319.4,14001.0
115.6,3,8336.0,14017.8
116.8,3,8336.4,13922.0
118.1,3,8316.3,13777.8
119.4,3,8750.2,14441.0
120.6,3,8783.3,14441.0
121.8,3,8783.3,14441.0
123.1,3,8719.3,14210.5
124.3,3,8719.2,14210.4
125.6,3,8419.9,14099.1
126.9,3,8420.4,14099.6
128.1,3,8338.1,13893.0
129.4,3,8338.1,13893.0
130.7,3,8326.3,14038.9
132.0,3,8326.6,14039.0
133.3,3,8326.6,13878.7
134.5,3,8294.7,13808.9
135.8,3,8346.9,14022.3
137.1,3,8346.9,14022.3
138.3,3,8314.9,13926.1
139.6,3,8267.4,13813.5
140.9,3,8115.7,13811.0
142.2,3,8115.8,13811.0
143.5,3,8083.8,13618.7
144.7,3,8079.2,13582.0
146.0,3,8004.8,13667.2
147.2,3,7732.3,13390.1
148.6,3,7511.2,13098.4
149.8,3,7228.6,12741.6
151.1,3,7100.7,12771.1
152.3,3,6833.8,12494.2
153.7,3,6801.8,12333.9
154.9,3,6797.2,12265.2
156.2,3,6827.7,12510.4
157.4,3,6812.3,12461.9
158.7,3,6812.3,12461.9
159.9,3,6764.8,12270.0
161.2,3,6936.3,12591.5
162.5,3,7046.8,12661.0
163.8,3,7038.4,12661.0
165.1,3,6967.5,12404.9
166.4,3,7231.7,12889.5
167.7,3,7257.8,12889.6
168.9,3,7257.8,12889.6
170.2,3,7153.2,12654.7
171.4,3,6246.1,10494.4
172.7,3,5068.9,9834.1
173.9,0,0.0,0.0
