elapsed_s;working_mb;private_mb;cpu_pct;stderr_mb
2,1;21,2;7,1;0,1;0,0
4,1;21,2;7,1;0,0;0,0
6,2;21,2;7,0;0,0;0,0
8,2;21,2;7,0;0,0;0,1
10,2;21,2;7,0;0,0;0,1
12,2;21,2;7,0;0,0;0,1
14,2;21,2;7,0;0,0;0,1
16,3;21,2;7,0;0,0;0,2
18,3;21,2;7,0;0,0;0,2
20,3;21,2;7,0;0,0;0,2
22,3;21,2;7,0;0,0;0,2
24,3;21,2;7,0;0,0;0,2
26,3;21,2;7,0;0,0;0,2
28,4;21,2;7,0;0,0;0,2
30,4;21,2;6,9;0,0;0,2
32,4;21,2;6,9;0,0;0,2
34,4;21,2;6,9;0,0;0,2
36,4;21,2;6,9;0,0;0,2
38,5;21,2;6,9;0,0;0,2
40,5;21,2;6,9;0,0;0,2
42,5;21,2;6,9;0,0;0,2
44,5;21,2;6,9;0,0;0,2
46,5;21,4;6,6;0,0;0,2
48,6;21,4;6,6;0,0;0,2
50,6;21,4;6,6;0,0;0,2
52,6;21,4;6,6;0,0;0,2
54,6;21,4;6,6;0,0;0,2
56,6;21,4;6,6;0,0;0,2
58,7;21,4;6,6;0,0;0,2
60,7;0,0;0,0;0,0;0,2
62,7;0,0;0,0;0,0;0,2
64,7;0,0;0,0;0,0;0,2
