elapsed_s,live_processes,working_mb,private_mb,cpu_percent,cpu_core_equiv
1.0,3,103.4,38.9,0.00,0.00
2.3,3,156.7,77.8,3.84,0.92
3.4,3,189.4,87.8,4.24,1.02
4.6,3,577.9,475.5,7.67,1.84
5.8,3,635.9,5062.2,3.62,0.87
6.9,3,648.5,6068.4,45.41,10.90
8.1,3,927.6,6332.8,48.09,11.54
9.3,3,928.8,6333.0,45.52,10.93
10.5,3,929.7,6333.7,44.91,10.78
11.6,3,1006.0,6370.9,46.00,11.04
12.8,3,1061.1,6364.4,44.60,10.70
14.0,3,1230.1,6452.5,43.06,10.33
15.2,3,1278.9,6449.5,34.84,8.36
16.4,3,1322.4,6449.6,32.97,7.91
17.5,3,1355.0,6449.6,31.60,7.58
18.7,3,1453.5,6449.6,33.38,8.01
19.9,3,1591.3,6449.6,32.47,7.79
21.1,3,1704.8,6479.5,34.06,8.17
22.2,3,1835.9,6481.7,33.58,8.06
23.4,3,2078.8,6538.5,34.86,8.37
24.6,3,3143.6,7836.8,42.53,10.21
25.9,3,3530.9,8016.5,38.83,9.32
27.2,3,3532.6,8018.3,34.63,8.31
28.5,3,3539.8,8025.5,34.93,8.38
29.7,3,4209.4,9024.4,41.82,10.04
30.9,3,6225.0,11392.8,46.41,11.14
32.2,3,6253.7,11499.8,44.18,10.60
33.5,3,6254.9,11500.4,37.76,9.06
34.8,3,6258.2,11480.5,40.40,9.69
36.0,3,6262.7,11484.6,35.84,8.60
37.2,3,6678.5,11941.7,48.08,11.54
38.5,3,6678.8,11941.6,34.89,8.37
39.7,3,6674.8,11887.2,39.61,9.51
41.0,3,6680.2,11923.3,38.36,9.21
42.2,3,6646.2,11933.4,42.50,10.20
43.5,3,6650.2,11937.4,35.57,8.54
44.7,3,6650.2,11858.0,35.24,8.46
45.9,3,6700.5,11890.5,36.26,8.70
47.1,3,6735.4,11954.2,42.89,10.29
48.4,3,6735.5,11954.2,39.68,9.52
49.6,3,6703.5,11891.3,38.62,9.27
50.9,3,6771.9,11988.3,43.45,10.43
52.2,3,6783.8,11988.3,37.64,9.03
53.4,3,6783.8,11988.2,40.79,9.79
54.6,3,6735.8,11875.3,39.65,9.52
55.8,3,7026.6,12232.5,43.47,10.43
57.1,3,7026.5,12232.4,36.88,8.85
58.3,3,6989.5,12132.1,40.54,9.73
59.5,3,7150.0,12328.9,39.57,9.50
60.7,3,7014.5,12212.8,40.32,9.68
61.9,3,7014.5,12212.9,41.53,9.97
63.2,3,6982.7,12099.0,38.25,9.18
64.4,3,7041.9,12197.6,39.98,9.59
65.6,3,6916.5,12137.4,40.15,9.64
66.9,3,6919.0,12154.0,36.05,8.65
68.1,3,6887.3,12055.5,41.30,9.91
69.3,3,6982.5,12224.6,40.92,9.82
70.6,3,6982.6,12224.7,40.69,9.76
71.8,3,6967.1,12158.8,39.39,9.45
73.1,3,6986.4,12127.1,40.62,9.75
74.3,3,6924.0,12084.3,44.27,10.62
75.6,3,6827.6,11986.8,37.74,9.06
76.8,3,6817.9,11950.1,39.74,9.54
78.0,3,6817.7,11950.0,39.85,9.56
79.2,3,6903.0,12095.0,39.21,9.41
80.5,3,6903.0,12095.0,39.81,9.56
81.7,3,6883.6,11994.7,42.21,10.13
82.9,3,6879.9,12040.6,39.88,9.57
84.1,3,6890.6,12072.8,44.15,10.60
85.4,3,6890.6,12072.8,38.27,9.18
86.6,3,6858.6,11958.6,39.07,9.38
87.8,3,6922.9,12103.3,42.41,10.18
89.1,3,6923.1,12103.5,39.12,9.39
90.4,3,6891.7,12055.7,38.12,9.15
91.6,3,6891.7,11990.2,40.24,9.66
92.8,3,7024.6,12326.7,40.84,9.80
94.1,3,7028.6,12427.2,37.14,8.91
95.3,3,7012.2,12333.9,40.00,9.60
96.5,3,7166.8,12546.2,38.93,9.34
97.7,3,7161.4,12667.0,44.88,10.77
98.9,3,7161.4,12667.0,37.76,9.06
100.2,3,7141.3,12576.5,39.80,9.55
101.4,3,7141.3,12608.9,40.50,9.72
102.6,3,7204.1,12721.3,40.56,9.74
103.8,3,7200.2,12717.3,39.10,9.39
105.0,3,7200.2,12636.6,42.01,10.08
106.2,3,7242.8,12744.2,39.31,9.43
107.4,3,7244.6,12745.8,41.57,9.98
108.6,3,7244.8,12745.8,38.12,9.15
109.8,3,7196.5,12634.1,40.38,9.69
111.1,3,7214.9,12731.4,42.05,10.09
112.3,3,7215.6,12731.7,38.94,9.35
113.5,3,7183.5,12650.4,39.92,9.58
114.7,3,7183.5,12618.4,39.54,9.49
115.9,3,7232.1,12747.6,42.51,10.20
117.2,3,7232.0,12747.4,37.81,9.07
118.4,3,7200.1,12634.2,40.63,9.75
119.7,3,7200.1,12667.0,38.43,9.22
120.9,3,7217.3,12720.8,38.61,9.27
122.1,3,7217.2,12720.8,40.81,9.79
123.3,3,7185.1,12607.5,39.98,9.59
124.5,3,7249.0,12720.7,39.93,9.58
125.6,3,7264.2,12767.7,38.53,9.25
126.8,3,7258.1,12760.9,40.03,9.61
128.0,3,7226.7,12648.2,39.74,9.54
129.2,3,7274.4,12744.9,38.95,9.35
130.4,3,7274.6,12776.9,41.72,10.01
131.6,3,7274.6,12776.9,39.75,9.54
132.8,3,7260.5,12681.7,39.55,9.49
134.0,3,7246.1,12731.6,40.85,9.80
135.3,3,7246.1,12731.6,40.70,9.77
136.5,3,7246.1,12731.6,39.73,9.53
137.7,3,7197.7,12618.5,41.34,9.92
138.9,3,7164.3,12664.5,41.51,9.96
140.2,3,7009.7,12501.6,38.66,9.28
141.4,3,6993.2,12469.7,39.25,9.42
142.6,3,6977.5,12388.3,40.90,9.82
143.8,3,7035.5,12533.8,40.09,9.62
145.0,3,7035.5,12533.8,39.17,9.40
146.2,3,7018.9,12435.2,39.26,9.42
147.4,3,7014.8,12435.1,41.07,9.86
148.6,3,7214.5,12709.0,40.38,9.69
149.8,3,7214.5,12709.0,38.23,9.18
151.0,3,7183.5,12612.2,37.68,9.04
152.2,3,7183.5,12612.2,40.06,9.61
153.5,3,7137.4,12608.7,40.70,9.77
154.7,3,7137.4,12608.6,38.52,9.24
155.9,3,7073.3,12511.5,38.52,9.25
157.1,3,7089.1,12543.7,38.20,9.17
158.3,3,7162.9,12670.9,41.88,10.05
159.6,3,7163.0,12670.9,38.54,9.25
160.8,3,7114.2,12557.4,39.56,9.49
162.0,3,7104.5,12591.9,40.41,9.70
163.2,3,7105.6,12624.7,41.72,10.01
164.4,3,7092.8,12611.9,39.03,9.37
165.7,3,7076.0,12513.0,39.42,9.46
166.9,3,7166.0,12689.9,41.44,9.95
168.1,3,7151.1,12674.9,38.35,9.20
169.3,3,7151.1,12674.9,40.19,9.64
170.5,3,7134.3,12576.0,41.36,9.93
171.8,3,7062.7,12579.8,42.21,10.13
173.0,3,7047.8,12564.9,38.07,9.14
174.2,3,7024.5,12467.3,39.25,9.42
175.4,3,6998.4,12467.3,40.26,9.66
176.6,3,7055.3,12611.8,41.82,10.04
177.9,3,7046.0,12611.8,38.36,9.21
179.1,3,6993.2,12514.3,38.81,9.31
180.3,3,6973.2,12547.7,40.21,9.65
181.5,3,6736.1,12363.9,41.70,10.01
182.7,3,6723.8,12364.4,40.63,9.75
183.9,3,6691.6,12267.7,39.98,9.60
185.1,3,6780.8,12395.2,38.49,9.24
186.3,3,6780.9,12427.2,42.38,10.17
187.5,3,6780.9,12427.2,38.05,9.13
188.7,3,6748.8,12330.0,40.53,9.73
189.9,3,6859.6,12506.4,39.65,9.52
191.1,3,6859.6,12506.4,40.66,9.76
192.4,3,6859.6,12506.4,38.71,9.29
193.6,3,6827.8,12409.2,40.83,9.80
194.8,3,6931.9,12575.6,41.97,10.07
196.0,3,6931.9,12575.5,38.07,9.14
197.2,3,6931.9,12575.6,40.33,9.68
198.5,3,6900.2,12478.4,40.61,9.75
199.7,3,6932.5,12575.9,40.05,9.61
201.0,3,6932.5,12575.8,40.20,9.65
202.2,3,6900.7,12478.7,37.92,9.10
203.4,3,6900.7,12478.7,41.33,9.92
204.6,3,6977.5,12623.8,38.75,9.30
205.8,3,6977.5,12623.8,41.43,9.94
207.1,3,6945.8,12526.7,39.46,9.47
208.3,3,6993.1,12607.2,39.50,9.48
209.4,3,6933.7,12577.5,42.88,10.29
210.7,3,6933.7,12577.6,39.12,9.39
211.9,3,6917.8,12496.2,39.99,9.60
213.1,3,6982.0,12642.6,40.51,9.72
214.3,3,6982.4,12643.1,38.42,9.22
215.5,3,6982.4,12643.1,38.10,9.15
216.7,3,6935.1,12546.3,40.02,9.60
218.0,3,6922.6,12597.0,40.81,9.79
219.2,3,6922.6,12597.3,38.46,9.23
220.5,3,6890.5,12565.1,38.38,9.21
221.7,3,6889.8,12457.7,35.78,8.59
222.9,3,6984.5,12633.1,42.36,10.17
224.2,3,6984.5,12633.1,38.96,9.35
225.4,3,6977.6,12577.4,40.08,9.62
226.6,3,6994.1,12626.9,39.39,9.45
227.8,3,7024.6,12673.7,42.11,10.11
229.1,3,7024.6,12673.7,37.89,9.09
230.3,3,6992.8,12592.3,39.69,9.53
231.5,3,7173.6,12835.3,39.43,9.46
232.8,3,7189.6,12851.6,41.28,9.91
234.0,3,7189.6,12851.6,38.76,9.30
235.2,3,7157.6,12770.1,40.83,9.80
236.4,3,7271.5,12935.9,41.98,10.08
237.7,3,7271.5,12935.9,38.29,9.19
239.0,3,7256.0,12920.3,40.01,9.60
240.2,3,7224.0,12838.9,38.62,9.27
241.4,3,7271.2,12950.8,42.64,10.23
242.7,3,7271.2,12950.8,38.93,9.34
243.9,3,7239.3,12853.9,40.99,9.84
245.1,3,7239.3,12853.9,41.06,9.85
246.4,3,7334.1,13013.5,41.30,9.91
247.7,3,7334.1,13013.5,38.69,9.29
248.9,3,7317.5,12932.1,39.48,9.48
250.1,3,7317.5,12949.5,38.53,9.25
251.3,3,7272.2,12935.9,42.35,10.16
252.6,3,7272.2,12935.9,39.91,9.58
253.8,3,7240.2,12854.5,39.54,9.49
255.0,3,7329.3,12998.6,38.86,9.33
256.2,3,7329.3,12998.5,43.87,10.53
257.5,3,7329.3,12998.5,38.26,9.18
258.7,3,7297.3,12917.1,39.52,9.48
260.0,3,7318.1,12981.7,44.46,10.67
261.3,3,7318.1,12981.7,36.20,8.69
262.5,3,7286.1,12932.2,40.82,9.80
263.7,3,7286.1,12900.3,40.18,9.64
264.9,3,7359.4,13028.5,38.52,9.24
266.1,3,7359.4,13028.5,41.61,9.99
267.4,3,7327.4,12947.1,39.41,9.46
268.6,3,7374.4,13043.4,40.18,9.64
269.8,3,7374.4,13043.4,43.13,10.35
271.0,3,7374.4,13043.4,38.29,9.19
272.2,3,7342.4,12962.0,40.68,9.76
273.5,3,7389.6,13058.3,43.43,10.42
274.8,3,7389.6,13058.3,35.79,8.59
276.0,3,7357.6,13008.8,39.43,9.46
277.2,3,7357.6,12976.8,40.60,9.74
278.4,3,7375.6,13027.8,42.34,10.16
279.7,3,7375.6,13027.8,39.53,9.49
280.9,3,7343.6,12946.4,39.07,9.38
282.1,3,7401.9,13027.6,40.32,9.68
283.3,3,7422.2,13080.7,42.25,10.14
284.6,3,7422.6,13081.6,38.57,9.26
285.8,3,7390.6,13000.2,41.12,9.87
287.0,3,7334.9,12987.2,41.80,10.03
288.3,3,7334.9,12987.2,40.34,9.68
289.5,3,7334.9,12987.2,38.34,9.20
290.8,3,7297.8,12899.9,39.95,9.59
292.0,3,7393.0,13044.5,43.39,10.41
293.3,3,7393.0,13044.5,38.66,9.28
294.5,3,7345.6,12947.6,38.98,9.36
295.8,3,7345.5,12947.6,39.31,9.44
297.0,3,7317.1,12983.8,41.91,10.06
298.2,3,7317.5,12983.8,40.10,9.62
299.4,3,7300.9,12902.4,37.78,9.07
300.7,3,7301.1,12919.9,38.99,9.36
301.8,3,7377.8,13031.6,45.08,10.82
303.2,3,7373.3,13027.2,38.15,9.16
304.4,3,7341.7,12946.3,38.70,9.29
305.6,3,7258.1,12908.6,43.21,10.37
306.9,3,7258.1,12908.6,37.28,8.95
308.1,3,7258.1,12908.6,39.81,9.56
309.3,3,7226.1,12827.2,39.62,9.51
310.5,3,7320.8,12971.2,44.51,10.68
311.9,3,7320.8,12971.2,36.63,8.79
313.1,3,7273.2,12874.3,41.72,10.01
314.3,3,7268.8,12869.6,39.10,9.38
315.5,3,7315.9,12981.6,43.03,10.33
316.8,3,7316.4,12982.2,37.60,9.02
318.0,3,7299.9,12900.8,40.12,9.63
319.3,3,7346.8,12965.3,37.49,9.00
320.4,3,7347.0,12997.4,42.67,10.24
321.7,3,7347.0,12997.4,39.12,9.39
322.9,3,7315.1,12916.1,36.75,8.82
324.1,3,7507.1,13164.0,42.65,10.24
325.4,3,7497.8,13121.4,116.30,27.91
329.6,3,7492.5,13148.6,12.09,2.90
330.8,3,7469.5,13115.3,40.42,9.70
332.0,3,7443.4,13057.2,40.70,9.77
333.3,3,7443.6,13089.2,36.95,8.87
334.4,3,7442.8,13088.2,41.09,9.86
335.6,3,7437.7,13083.2,39.96,9.59
336.8,3,7408.7,13022.2,40.93,9.82
338.1,3,7461.1,13118.6,41.86,10.05
339.4,3,7460.9,13118.5,34.10,8.18
340.6,3,7428.9,13069.0,35.89,8.61
341.8,3,7428.9,13037.1,37.58,9.02
343.0,3,7475.9,13133.2,40.68,9.76
344.2,3,7475.9,13133.2,41.60,9.98
345.4,3,7443.9,13052.0,39.94,9.58
346.6,3,7490.8,13116.8,38.65,9.28
347.8,3,7503.0,13160.9,43.19,10.37
349.1,3,7503.0,13160.9,38.07,9.14
350.3,3,7471.0,13079.0,39.93,9.58
351.5,3,7438.1,13088.4,43.38,10.41
352.7,3,7438.1,13088.4,39.61,9.51
354.0,3,7438.1,13088.4,38.74,9.30
355.2,3,7390.6,12991.5,38.78,9.31
356.4,3,7432.2,13100.3,42.41,10.18
357.6,3,7432.2,13100.3,37.95,9.11
358.9,3,7415.7,13016.5,39.68,9.52
360.1,3,7415.7,13016.5,39.26,9.42
361.3,3,7489.2,13144.6,41.38,9.93
362.5,3,7487.7,13144.6,40.37,9.69
363.8,3,7455.6,13063.2,39.74,9.54
365.0,3,7455.8,13081.1,39.82,9.56
366.2,4,7600.4,13348.7,44.20,10.61
367.5,4,7600.5,13348.7,47.29,11.35
368.7,4,7571.4,13269.9,47.12,11.31
370.0,4,7571.5,13269.8,46.75,11.22
371.2,4,7545.1,13211.3,46.80,11.23
372.4,4,7545.0,13211.2,46.98,11.28
373.7,4,7544.9,13211.1,45.57,10.94
374.9,3,7449.8,13024.6,41.17,9.88
376.2,3,7449.8,13024.6,45.47,10.91
377.4,3,7443.4,13018.2,48.73,11.70
378.6,3,7475.4,13100.8,49.35,11.84
379.8,3,7475.4,13132.8,40.20,9.65
381.0,3,7475.3,13132.7,40.98,9.83
382.1,3,7475.6,13082.1,42.23,10.13
383.3,3,7475.6,13082.1,41.37,9.93
384.4,3,7475.6,13082.1,41.49,9.96
385.6,3,7434.4,13018.5,40.76,9.78
386.8,3,7434.4,13018.5,42.17,10.12
387.9,3,7445.3,13168.5,48.84,11.72
389.2,3,7445.4,13168.5,44.08,10.58
390.5,3,7445.5,13168.4,46.72,11.21
391.7,3,7479.3,13251.2,48.25,11.58
392.9,3,7396.8,13194.8,49.82,11.96
394.1,3,7396.7,13194.7,46.71,11.21
395.3,3,7396.7,13144.1,46.68,11.20
396.5,3,7460.7,13209.5,51.41,12.34
397.9,3,7460.1,13243.7,46.29,11.11
399.1,3,7428.5,13194.9,44.64,10.71
400.4,3,7428.5,13162.9,47.38,11.37
401.6,3,7471.0,13215.2,46.73,11.22
402.8,3,7715.1,13408.7,49.21,11.81
404.1,3,7715.1,13408.7,46.16,11.08
405.3,3,7683.1,13336.7,47.10,11.30
406.5,3,7726.8,13428.3,47.95,11.51
407.8,3,7726.8,13428.3,46.92,11.26
409.0,3,7726.8,13428.3,47.17,11.32
410.3,3,7703.1,13389.3,45.92,11.02
411.5,3,7720.3,13405.5,49.07,11.78
412.8,3,7720.3,13405.5,45.03,10.81
414.0,3,7654.3,13307.4,49.46,11.87
415.2,3,7654.3,13323.8,47.00,11.28
416.5,3,7715.5,13449.8,47.42,11.38
417.8,3,7715.5,13449.7,47.19,11.33
419.0,3,7682.5,13367.5,47.05,11.29
420.2,3,7824.6,13565.6,45.21,10.85
421.4,3,7774.1,13517.8,50.88,12.21
422.8,3,7774.0,13517.7,43.28,10.39
424.0,3,7726.0,13420.3,47.49,11.40
425.2,3,7727.3,13503.7,50.48,12.12
426.5,3,7727.4,13503.6,45.69,10.97
427.7,3,7727.4,13503.6,47.64,11.43
428.9,3,7711.2,13406.3,47.68,11.44
430.2,3,7757.2,13534.4,49.98,12.00
431.5,3,7757.3,13534.5,46.29,11.11
432.7,3,7757.3,13453.4,47.50,11.40
434.0,3,7757.3,13453.4,47.42,11.38
435.2,3,7809.4,13564.3,50.46,12.11
436.5,3,7809.4,13564.3,45.96,11.03
437.7,3,7777.4,13468.4,47.56,11.41
438.9,3,7777.4,13485.8,47.86,11.49
440.1,3,7824.6,13564.7,48.04,11.53
441.3,3,7824.6,13564.7,48.68,11.68
442.6,3,7792.6,13483.4,46.73,11.22
443.8,3,7839.5,13562.1,46.96,11.27
445.0,3,7843.9,13598.4,51.04,12.25
446.3,3,7843.9,13598.4,45.72,10.97
447.5,3,7811.9,13502.6,47.11,11.31
448.7,3,7902.8,13642.9,48.68,11.68
450.0,3,7908.8,13643.4,47.20,11.33
451.2,3,7908.7,13643.4,46.49,11.16
452.5,3,7876.8,13562.1,47.33,11.36
453.7,3,8022.6,13783.5,51.44,12.35
454.9,3,8022.8,13783.6,44.20,10.61
456.2,3,8022.8,13768.2,48.27,11.58
457.4,3,7990.8,13687.7,48.92,11.74
458.6,3,8009.1,13756.2,50.15,12.04
459.9,3,8009.1,13756.3,43.66,10.48
461.1,3,7961.1,13658.8,48.82,11.72
462.3,3,7961.1,13658.8,50.19,12.05
463.6,3,8022.9,13802.7,46.76,11.22
464.9,3,8022.9,13802.7,46.37,11.13
466.2,3,8006.7,13705.4,46.85,11.24
467.4,3,8011.7,13739.2,47.46,11.39
468.7,3,8043.2,13817.8,48.05,11.53
469.9,3,8043.2,13817.7,46.12,11.07
471.1,3,8043.2,13736.6,47.88,11.49
472.3,3,8043.2,13753.1,47.53,11.41
473.5,3,8090.2,13847.4,47.91,11.50
474.7,3,8090.2,13847.3,47.95,11.51
475.9,3,8042.2,13735.6,48.88,11.73
477.2,3,8089.1,13816.4,46.14,11.07
478.4,3,8089.2,13848.3,50.66,12.16
479.6,3,8089.2,13848.3,46.01,11.04
480.9,3,8073.1,13766.4,48.34,11.60
482.1,3,8130.3,13887.4,45.92,11.02
483.3,3,8130.4,13887.4,51.07,12.26
484.6,3,8130.4,13887.4,44.98,10.79
485.8,3,8098.4,13791.6,46.61,11.19
487.0,3,8003.1,13743.1,51.03,12.25
488.3,3,8003.1,13743.1,44.97,10.79
489.5,3,8003.1,13743.1,48.14,11.55
490.8,3,7971.1,13661.7,47.79,11.47
492.0,3,8003.1,13725.6,45.77,10.98
493.2,3,8032.9,13789.4,49.04,11.77
494.5,3,8032.9,13789.4,47.09,11.30
495.7,3,7985.0,13677.6,49.24,11.82
496.9,3,7985.2,13711.5,46.18,11.08
498.1,3,8032.2,13790.4,47.72,11.45
499.3,3,8032.2,13790.4,47.78,11.47
500.6,3,8000.2,13692.3,48.00,11.52
501.8,3,8000.2,13726.1,49.11,11.79
503.0,3,8031.3,13804.5,47.26,11.34
504.3,3,8034.9,13808.0,45.92,11.02
505.5,3,8018.7,13710.7,48.54,11.65
506.7,3,8018.7,13710.7,47.80,11.47
508.0,3,8049.8,13822.9,46.75,11.22
509.2,3,7981.4,13752.4,47.97,11.51
510.4,3,7981.4,13752.3,46.98,11.28
511.6,3,7981.4,13671.3,47.90,11.50
512.9,3,8013.4,13767.1,46.99,11.28
514.1,3,8043.2,13798.9,48.71,11.69
515.3,3,8043.2,13798.9,46.93,11.26
516.5,3,7995.2,13687.1,49.53,11.89
517.7,3,7943.9,13667.0,47.67,11.44
518.9,3,7703.8,13454.6,48.05,11.53
520.2,3,7613.2,13356.9,48.39,11.61
521.4,3,7597.2,13275.1,44.31,10.63
522.6,3,7684.3,13365.8,46.00,11.04
524.0,3,7731.3,13460.1,47.95,11.51
525.3,3,7731.3,13460.0,40.43,9.70
526.5,3,7730.2,13408.1,44.97,10.79
527.7,3,7769.5,13479.5,44.98,10.80
528.9,3,7763.8,13469.9,49.97,11.99
530.2,3,7745.9,13469.9,44.70,10.73
531.4,3,7685.2,13388.0,47.94,11.51
532.6,3,7718.2,13466.6,50.07,12.02
533.9,3,7680.7,13446.5,45.65,10.95
535.2,3,7642.0,13430.6,45.61,10.95
536.4,3,7586.1,13334.9,48.15,11.55
537.6,3,7570.8,13386.7,51.17,12.28
538.9,3,7570.8,13386.6,45.50,10.92
540.1,3,7539.0,13287.7,46.63,11.19
541.3,3,7539.0,13287.7,49.14,11.79
542.6,3,7600.8,13418.7,48.40,11.62
543.8,3,7600.8,13418.7,46.92,11.26
545.1,3,7568.6,13319.4,47.82,11.48
546.3,3,7568.6,13319.4,47.27,11.34
547.6,3,7549.1,13364.9,50.97,12.23
548.9,3,7549.1,13364.9,46.28,11.11
550.2,3,7517.3,13265.9,46.49,11.16
551.4,3,7517.3,13265.9,48.88,11.73
552.7,3,7606.5,13427.8,47.74,11.46
554.0,3,7606.5,13427.7,46.39,11.13
555.2,3,7589.9,13344.0,48.89,11.73
556.5,3,7589.9,13344.0,47.88,11.49
557.7,3,7636.9,13440.4,46.24,11.10
559.0,3,7636.9,13440.4,45.61,10.95
560.3,3,7589.3,13343.4,48.96,11.75
561.5,3,7589.3,13343.4,47.14,11.31
562.8,3,7636.3,13457.6,47.24,11.34
564.1,3,6757.7,11136.1,38.18,9.16
565.3,3,1928.4,2920.2,22.39,5.37
566.4,0,0.0,0.0,0.00,0.00
