elapsed_s;process_count;working_mb;private_mb;virtual_mb;paged_mb;handles;threads;cpu_s;cpu_pct;io_read_mb_s;io_write_mb_s
2,0;3;153,5;65,3;4339189,6;65,3;659;25;2,27;4,6;0,0;0,0
10,8;3;761,8;6171,2;4345053,1;6171,2;1583;95;34,25;15,2;0,0;0,0
14,0;3;905,0;6306,3;4346438,9;6306,3;1856;110;78,20;58,2;0,0;0,0
17,1;3;1015,7;6344,1;4346438,9;6344,1;1861;110;121,47;58,3;0,0;0,0
20,1;3;1233,7;6426,6;4346490,6;6426,6;2816;123;161,28;54,0;26,7;0,0
23,2;3;1320,4;6418,6;4346490,6;6418,6;2901;123;191,69;41,2;19,1;0,0
26,3;3;1615,8;6417,4;4346454,6;6417,4;2902;99;221,88;40,8;2193,5;1,1
29,4;3;1903,5;6455,3;4346489,9;6455,3;2904;99;253,56;42,8;0,0;0,0
32,5;3;1969,6;6459,0;4346484,4;6459,0;2906;94;285,91;43,8;0,0;0,0
35,5;3;2064,3;6483,8;4346507,5;6483,8;2906;94;318,47;44,3;0,0;0,0
38,6;3;2182,6;6667,2;4346680,1;6667,2;2911;94;349,11;41,6;1180,3;0,0
41,8;3;3525,4;8000,4;4347839,5;8000,4;2856;95;387,84;50,5;0,0;0,0
44,9;3;7258,4;11531,9;4348119,1;11531,9;2866;98;427,31;52,1;0,0;0,0
48,0;3;11159,2;16455,9;4349992,2;16455,9;2868;98;467,28;53,6;0,0;0,0
51,2;3;11165,4;16453,9;4349992,2;16453,9;2869;98;506,20;51,1;0,0;0,0
54,4;3;11416,3;16746,1;4350150,3;16746,1;2871;98;546,73;52,8;0,0;0,0
57,6;3;11477,8;16800,4;4350198,3;16800,4;2874;98;586,52;51,3;0,0;0,0
60,9;3;11448,5;16706,7;4350130,0;16706,7;2874;95;627,08;51,7;0,0;0,0
64,1;3;8860,8;14189,8;4350209,9;14189,8;2874;95;664,05;48,3;0,0;0,0
67,3;3;7760,1;13031,6;4350210,1;13031,6;2874;95;700,19;46,8;0,0;0,0
70,5;3;6005,0;11176,8;4350162,2;11176,8;2874;95;735,92;47,0;0,0;0,0
73,6;3;6047,2;11257,8;4350204,2;11257,8;2874;91;769,88;45,2;0,0;0,0
76,7;3;6015,3;11176,8;4350186,7;11176,8;2871;90;802,92;45,0;0,0;0,0
79,8;3;6014,0;11175,6;4350186,7;11175,6;2871;90;836,09;44,7;0,0;0,0
82,8;3;6014,0;11175,6;4350186,7;11175,6;2871;90;868,63;44,2;0,0;0,0
85,9;3;6014,1;11175,6;4350188,2;11175,6;2874;91;901,33;44,7;0,0;0,0
89,0;3;6014,0;11175,5;4350185,2;11175,5;2868;89;934,42;45,0;0,0;0,0
92,0;3;6014,0;11175,5;4350185,2;11175,5;2870;89;967,56;45,0;0,0;0,0
95,1;3;6014,0;11175,5;4350185,2;11175,5;2870;89;1000,50;44,7;0,0;0,0
98,1;3;6014,0;11175,5;4350183,7;11175,5;2867;88;1033,61;45,2;0,0;0,0
101,2;3;6014,0;11175,4;4350183,7;11175,4;2867;88;1066,77;45,1;0,0;0,0
104,3;3;6014,0;11175,5;4350185,2;11175,5;2870;89;1099,64;44,7;0,0;0,0
107,3;3;6014,0;11175,5;4350185,2;11175,5;2870;89;1132,58;45,0;0,0;0,0
110,4;3;6014,0;11175,5;4350183,7;11175,5;2867;88;1165,58;44,7;0,0;0,0
113,5;3;6014,0;11175,5;4350185,2;11175,5;2870;89;1198,47;44,8;0,0;0,0
116,5;3;6014,0;11175,5;4350185,2;11175,5;2870;89;1231,22;44,9;0,0;0,0
119,5;3;6009,5;11175,4;4350185,2;11175,4;2870;89;1263,88;44,6;0,0;0,0
122,6;3;6009,5;11175,5;4350183,7;11175,5;2867;88;1297,11;45,2;0,0;0,0
125,6;3;6009,5;11175,5;4350183,7;11175,5;2867;88;1329,66;44,7;0,0;0,0
128,7;3;6009,5;11175,4;4350182,2;11175,4;2865;87;1362,38;44,4;0,0;0,0
131,8;3;6009,6;11175,5;4350183,7;11175,5;2868;88;1395,47;44,9;0,0;0,0
134,8;3;6010,1;11175,9;4350181,2;11175,9;2864;85;1428,25;44,5;0,0;0,0
137,9;3;6010,0;11175,9;4350179,7;11175,9;2861;84;1461,50;45,1;0,0;0,0
141,0;3;6010,0;11175,9;4350179,7;11175,9;2861;84;1494,70;45,0;0,0;0,0
144,1;3;6010,0;11175,9;4350179,7;11175,9;2861;84;1527,67;44,9;0,0;0,0
147,1;3;6010,0;11175,9;4350179,7;11175,9;2861;84;1560,70;44,7;0,0;0,0
150,2;3;5998,6;11175,9;4350179,7;11175,9;2861;84;1593,72;45,0;0,0;0,0
153,2;3;5949,9;11175,9;4350179,7;11175,9;2861;84;1626,69;44,9;0,0;0,0
156,3;3;5899,3;11175,9;4350179,7;11175,9;2861;84;1659,52;44,9;0,0;0,0
159,4;3;5899,0;11175,9;4350179,7;11175,9;2861;84;1692,53;44,8;0,0;0,0
162,4;3;5899,0;11175,9;4350179,7;11175,9;2861;84;1725,52;44,9;0,0;0,0
165,5;3;5899,0;11175,9;4350179,7;11175,9;2861;84;1758,50;44,9;0,0;0,0
168,5;3;5899,0;11175,9;4350179,7;11175,9;2862;84;1791,08;44,6;0,0;0,0
171,6;3;5899,0;11175,9;4350179,7;11175,9;2862;84;1823,89;44,6;0,0;0,0
174,6;3;5899,0;11175,9;4350179,7;11175,9;2862;84;1856,78;45,0;0,0;0,0
177,7;3;5899,0;11175,9;4350179,7;11175,9;2862;84;1889,73;45,0;0,0;0,0
180,8;3;5899,0;11175,9;4350179,7;11175,9;2862;84;1923,05;45,3;0,0;0,0
183,8;3;5899,0;11175,9;4350179,7;11175,9;2862;84;1955,75;44,6;0,0;0,0
186,9;3;5899,0;11175,9;4350179,7;11175,9;2862;84;1988,84;45,0;0,0;0,0
189,9;3;5899,0;11175,9;4350179,7;11175,9;2862;84;2021,67;44,8;0,0;0,0
193,0;3;5899,0;11170,3;4350179,7;11170,3;2862;84;2054,39;44,5;0,0;0,0
196,0;3;5899,0;11170,3;4350179,7;11170,3;2862;84;2087,03;44,6;0,0;0,0
199,1;3;5899,0;11170,3;4350179,7;11170,3;2862;84;2120,38;45,3;0,0;0,0
202,2;3;5899,0;11170,3;4350179,7;11170,3;2862;84;2153,55;44,9;0,0;0,0
205,2;3;5899,0;11170,3;4350179,7;11170,3;2862;84;2186,73;45,3;0,0;0,0
208,3;3;5899,0;11170,3;4350179,7;11170,3;2862;84;2219,30;44,5;0,0;0,0
211,3;3;5899,0;11170,3;4350179,7;11170,3;2862;84;2252,09;44,8;0,0;0,0
214,4;3;5899,0;11170,3;4350179,7;11170,3;2862;84;2285,16;45,0;0,0;0,0
217,4;3;5899,0;11170,3;4350179,7;11170,3;2862;84;2317,95;44,9;0,0;0,0
220,5;3;5899,0;11170,3;4350179,7;11170,3;2862;84;2350,80;44,7;0,0;0,0
223,5;3;5899,0;11170,3;4350179,7;11170,3;2862;84;2383,64;45,0;0,0;0,0
226,6;3;5899,0;11170,3;4350179,7;11170,3;2862;84;2416,89;45,3;0,0;0,0
229,7;3;5899,0;11170,3;4350179,7;11170,3;2862;84;2449,95;45,1;0,0;0,0
232,7;3;5899,0;11170,3;4350179,7;11170,3;2862;84;2483,16;45,0;0,0;0,0
235,8;3;5899,0;11170,3;4350179,7;11170,3;2862;84;2516,23;45,3;0,0;0,0
238,8;3;5899,0;11170,3;4350179,7;11170,3;2862;84;2549,11;44,6;0,0;0,0
241,9;3;5899,0;11170,3;4350179,7;11170,3;2862;84;2582,00;44,8;0,0;0,0
244,9;3;5899,0;11170,3;4350179,7;11170,3;2862;84;2614,73;44,9;0,0;0,0
248,0;3;5899,0;11170,4;4350211,3;11170,4;2862;84;2647,67;44,8;0,0;0,0
251,1;3;5899,0;11170,3;4350179,7;11170,3;2862;84;2680,53;44,6;0,0;0,0
254,1;3;5899,0;11170,3;4350179,7;11170,3;2862;84;2713,36;45,0;0,0;0,0
257,1;3;5899,0;11170,3;4350179,7;11170,3;2863;84;2745,95;44,8;0,0;0,0
260,2;3;5899,0;11170,3;4350179,7;11170,3;2863;84;2778,67;44,8;0,0;0,0
263,2;3;5899,0;11170,3;4350179,7;11170,3;2863;84;2811,47;44,6;0,0;0,0
266,3;3;5899,0;11170,3;4350179,7;11170,3;2863;84;2843,89;44,5;0,0;0,0
269,3;3;5899,0;11170,3;4350178,2;11170,3;2859;83;2877,03;45,1;0,0;0,0
272,4;3;5899,0;11170,3;4350178,2;11170,3;2859;83;2909,95;45,1;0,0;0,0
275,4;3;5899,0;11170,3;4350178,2;11170,3;2859;83;2942,73;44,7;0,0;0,0
278,5;3;5899,1;11170,3;4350179,7;11170,3;2859;84;2975,80;44,9;0,0;0,0
281,6;3;5899,1;11170,3;4350179,7;11170,3;2859;84;3008,52;44,8;0,0;0,0
284,6;3;5899,1;11170,3;4350179,7;11170,3;2859;84;3041,31;44,9;0,0;0,0
287,6;3;5899,0;11170,3;4350179,7;11170,3;2859;84;3074,19;45,0;0,0;0,0
290,7;3;5899,0;11170,3;4350179,7;11170,3;2859;84;3106,80;44,7;0,0;0,0
293,7;3;5899,1;11170,3;4350179,7;11170,3;2859;84;3140,05;45,4;0,0;0,0
296,8;3;5899,1;11170,3;4350179,7;11170,3;2859;84;3172,73;44,7;0,0;0,0
299,8;3;5899,1;11170,3;4350179,7;11170,3;2859;84;3205,86;45,1;0,0;0,0
302,9;3;5899,2;11170,5;4350185,7;11170,5;2859;90;3238,97;45,2;0,0;0,0
305,9;3;5899,2;11170,5;4350185,7;11170,5;2859;90;3271,56;44,6;0,0;0,0
309,0;3;5899,2;11170,5;4350185,7;11170,5;2859;90;3304,38;44,8;0,0;0,0
312,0;3;5899,2;11170,5;4350185,7;11170,5;2859;90;3337,02;44,6;0,0;0,0
315,1;3;5899,2;11170,5;4350185,7;11170,5;2859;90;3369,81;44,9;0,0;0,0
318,1;3;5899,2;11170,5;4350185,7;11170,5;2859;90;3402,50;44,7;0,0;0,0
321,2;3;5899,2;11170,5;4350185,7;11170,5;2859;90;3435,47;45,1;0,0;0,0
324,2;3;5899,2;11170,5;4350185,7;11170,5;2859;90;3468,69;45,1;0,0;0,0
327,3;3;5899,2;11170,5;4350185,7;11170,5;2859;90;3501,59;45,0;0,0;0,0
330,3;3;5899,2;11170,5;4350185,7;11170,5;2859;90;3534,34;44,8;0,0;0,0
333,4;3;5899,2;11170,5;4350185,7;11170,5;2859;90;3567,14;44,9;0,0;0,0
336,4;3;5899,2;11170,5;4350185,7;11170,5;2859;90;3599,89;44,9;0,0;0,0
339,5;3;5899,2;11170,5;4350185,7;11170,5;2859;90;3632,80;44,8;0,0;0,0
342,5;3;5899,2;11170,5;4350185,7;11170,5;2859;90;3665,48;44,6;0,0;0,0
345,6;3;5898,8;11170,5;4350185,7;11170,5;2859;90;3698,17;44,8;0,0;0,0
348,6;3;5898,8;11170,4;4350185,7;11170,4;2859;90;3731,06;45,1;0,0;0,0
351,7;3;5898,7;11170,4;4350185,7;11170,4;2859;90;3763,94;44,7;0,0;0,0
354,7;3;5898,7;11170,5;4350185,7;11170,5;2859;90;3797,08;45,0;0,0;0,0
357,8;3;5898,7;11170,5;4350185,7;11170,5;2859;90;3829,72;44,7;0,0;0,0
360,8;3;5898,7;11170,5;4350185,7;11170,5;2859;90;3862,50;45,1;0,0;0,0
363,9;3;5898,7;11170,5;4350185,7;11170,5;2859;90;3895,58;45,2;0,0;0,0
366,9;3;5898,8;11170,5;4350185,7;11170,5;2863;90;3928,66;44,9;0,0;0,0
370,0;3;5898,8;11170,5;4350185,7;11170,5;2863;90;3961,63;45,0;0,0;0,0
373,0;3;5898,8;11170,5;4350185,7;11170,5;2863;90;3994,50;44,8;0,0;0,0
376,1;3;5898,8;11170,5;4350185,7;11170,5;2863;90;4027,31;44,8;0,0;0,0
379,1;3;5898,8;11170,5;4350185,7;11170,5;2863;90;4060,13;44,8;0,0;0,0
382,2;3;5898,8;11170,5;4350185,7;11170,5;2863;90;4092,94;45,0;0,0;0,0
385,2;3;5898,8;11170,5;4350185,7;11170,5;2863;90;4125,75;44,8;0,0;0,0
388,3;3;5898,8;11170,5;4350185,7;11170,5;2863;90;4158,70;44,9;0,0;0,0
391,3;3;5898,8;11170,5;4350185,7;11170,5;2863;90;4191,75;45,3;0,0;0,0
394,4;3;5898,8;11170,5;4350185,7;11170,5;2863;90;4224,66;45,0;0,0;0,0
397,4;3;5898,8;11170,5;4350185,7;11170,5;2863;90;4257,55;45,0;0,0;0,0
400,5;3;5898,8;11170,5;4350185,7;11170,5;2863;90;4290,34;44,7;0,0;0,0
403,5;3;5898,7;11170,3;4350179,7;11170,3;2863;84;4323,33;45,1;0,0;0,0
406,6;3;5898,7;11170,3;4350179,7;11170,3;2863;84;4356,17;45,0;0,0;0,0
409,6;3;5898,7;11170,3;4350179,7;11170,3;2863;84;4388,97;44,6;0,0;0,0
412,7;3;5898,7;11170,3;4350179,7;11170,3;2863;84;4421,89;45,0;0,0;0,0
415,7;3;5898,7;11170,3;4350179,7;11170,3;2863;84;4454,92;45,1;0,0;0,0
418,8;3;5898,7;11170,3;4350179,7;11170,3;2863;84;4487,77;45,0;0,0;0,0
421,8;3;5898,7;11170,4;4350211,3;11170,4;2863;84;4520,83;44,9;0,0;0,0
424,9;3;5897,2;11168,9;4350212,8;11168,9;2857;85;4553,91;45,2;0,0;0,0
427,9;3;5897,2;11168,9;4350212,8;11168,9;2857;85;4586,56;44,9;0,0;0,0
430,9;3;5897,2;11168,9;4350181,2;11168,9;2857;85;4619,23;45,0;0,0;0,0
434,0;3;5897,2;11135,3;4350211,3;11135,3;2854;84;4651,81;44,6;0,0;0,0
437,0;3;5897,2;11135,3;4350179,7;11135,3;2855;84;4684,44;44,6;0,0;0,0
440,1;3;5897,2;11135,3;4350181,2;11135,3;2858;85;4717,33;44,9;0,0;0,0
443,1;3;5897,2;11135,3;4350179,7;11135,3;2855;84;4750,31;45,0;0,0;0,0
446,2;3;5897,2;11135,3;4350179,7;11135,3;2855;84;4783,33;45,2;0,0;0,0
449,2;3;5897,2;11135,3;4350211,3;11135,3;2855;84;4816,14;44,6;0,0;0,0
452,3;3;5093,9;9351,9;4348479,7;9351,9;2788;79;4848,48;43,9;0,0;0,0
455,4;0;0,0;0,0;0,0;0,0;0;0;0,00;0,0;0,0;0,0
458,5;0;0,0;0,0;0,0;0,0;0;0;0,00;0,0;0,0;0,0
461,5;0;0,0;0,0;0,0;0,0;0;0;0,00;0,0;0,0;0,0
