elapsed_s;process_count;working_set_mb;private_mb;cpu_seconds
0,6;3;84,6;30,3;0,58
3,1;3;163,2;76,2;3,14
5,6;3;579,3;475,0;7,25
8,1;3;586,8;497,7;9,36
10,5;3;672,8;6075,5;25,34
12,9;3;900,1;6300,4;60,20
15,4;3;968,9;6337,6;94,05
17,8;3;1026,9;6336,3;128,34
20,3;3;1240,9;6406,5;157,97
22,7;3;1334,2;6406,5;182,72
25,2;3;1662,0;6435,2;207,75
27,7;3;1924,0;6443,5;232,42
30,1;3;2002,2;6470,4;257,83
32,5;3;2081,6;6508,1;283,67
35,1;3;3568,3;8043,9;315,08
37,6;3;4024,4;8632,3;347,59
40,1;3;10384,5;15612,5;379,42
42,7;3;11139,2;16436,7;412,80
45,3;3;11224,7;16537,1;445,52
47,9;3;11369,2;16706,1;479,20
50,5;3;11409,4;16749,8;511,41
