"relative","status","nested_sha256","flat_sha256"
"manifest.sha256","exact","520908CFBDC9E28AFC16F3135B046218C57334FF9FDA8FC092D060EBB2B4DE99","520908CFBDC9E28AFC16F3135B046218C57334FF9FDA8FC092D060EBB2B4DE99"
"README.md","exact","36B12F7A42554D9E4E4C863CE5A88F23B6AD1C77690A83522B10DC98DAB81F82","36B12F7A42554D9E4E4C863CE5A88F23B6AD1C77690A83522B10DC98DAB81F82"
"RUN_1_VALIDATE_PACKAGE.cmd","hash-mismatch","","E22DC6789D340082C3ED5EDBE27931F4F6231E6DB94A70BE560AE9D120D13291"
"RUN_2_REPAIR_AND_PRECHECK.cmd","hash-mismatch","","8744CC69269CC19CF073035DDD726E5A489D076A1C1CC3AB38A91C1D75FD13D5"
"RUN_3_APPLY_BUILD.cmd","exact","BC5A417F9D3719415F960932FFC3C12BF0A8ECAEABC2EDBE7B2B54F5CBA3AAE5","BC5A417F9D3719415F960932FFC3C12BF0A8ECAEABC2EDBE7B2B54F5CBA3AAE5"
"RUN_4_TEST_DEMONS_CPU_GPU_FEED.cmd","hash-mismatch","","41A928A3DB13F3B9C2B84FB1F083C6D65BB6A4611932F2DC076B97A0C8DF89AC"
"RUN_5_ANALYZE_LATEST.cmd","hash-mismatch","","140E8BD80E223087E26DACAFAE223AD395E21D8F1C4613CFDE56A0835D315664"
"RUN_6_ROLLBACK_SCRIPT_REPAIR_ONLY.cmd","hash-mismatch","","7405D1C983AA78660D4813198D72A973F705B044AAF03C007BA1410D1416EE32"
"scripts\analyze.ps1","exact","9A2097A2CC1C677E2D6AD492C362B435C378702694FB08F42CA5686F79561D1C","9A2097A2CC1C677E2D6AD492C362B435C378702694FB08F42CA5686F79561D1C"
"scripts\apply_build.ps1","hash-mismatch","","2069D4CAE89BE080948D7AA27EEE2841F8561DDD2B0554D388EF9072E4C4D3DF"
"scripts\common.ps1","exact","737F42BC13BFE2B62A9B691C0E2F5134A09CA5143383E59A702C87544E152138","737F42BC13BFE2B62A9B691C0E2F5134A09CA5143383E59A702C87544E152138"
"scripts\precheck.ps1","exact","DB6DBB1164C0841BB15186050731C1C292ECD94A6C0E3AE6177D446B70D9A312","DB6DBB1164C0841BB15186050731C1C292ECD94A6C0E3AE6177D446B70D9A312"
"scripts\repair_original.ps1","hash-mismatch","","0647F9080B351C09CE41C972540DE08820AE1CBB871E991D08E6E35029EBF282"
"scripts\rollback_scripts.ps1","hash-mismatch","","43427F30AE1114A10A1D9D475E5441EC9153D025DDC450F1D387411DA1CBECA4"
"scripts\test_runtime.ps1","hash-mismatch","","2B336160E9EF38C0C5559C085C681AD1CE1C900187170B2DBB9A889443FAFF22"
"scripts\validate_package.ps1","hash-mismatch","","9F987DC8B97FDB24B15C7F1AD4EDFCBD0ED671B331384DEC8AFA5F0A6DF62220"
