index,type,flags,offset,vaddr,filesz,memsz,align
0,0x1,0x1,0x4000,0x0,32523740,32523740,0x4000
1,0x1,0x4,0x1F0C000,0x1F08000,7312242,7312242,0x4000
2,0x6474E550,0x4,0x1F0C000,0x1F08000,1058836,1058836,0x4
3,0x1,0x6,0x2608000,0x2604000,1720032,1720032,0x4000
4,0x6474E552,0x4,0x2608000,0x2604000,1720032,1720320,0x1
5,0x7,0x4,0x2608000,0x2604000,8,256,0x10
6,0x61000001,0x4,0x27ABE80,0x27A7E80,96,96,0x8
7,0x1,0x6,0x27AC000,0x27A8000,695560,13205665,0x4000
8,0x1,0x0,0x28580B0,0x34400B0,4223168,4223168,0x4000
9,0x4,0x0,0x2C5E2D8,0x38462D8,36,36,0x4
10,0x2,0x6,0x2C5E300,0x3846300,3696,3696,0x8
11,0x6FFFFF00,0x0,0x2C5F170,0x0,88,0,0x10
12,0x6FFFFF01,0x0,0x2C5F1C8,0x0,6537,6537,0x1
13,0x4,0x0,0x2C60B54,0x0,72,0,0x4
