timestamp_utc,cpu_percent,working_set_mb,private_mb,managed_mb,threads,handles,total_cpu_ms
2026-08-17T14:06:21.7258026+00:00,2.858,290.102,655.109,52.475,107,1210,10015.625
2026-08-17T14:06:22.7320235+00:00,1.488,286.996,691.984,52.809,109,1206,10375.000
2026-08-17T14:06:23.7360489+00:00,0.130,287.125,692.457,52.872,109,1206,10406.250
2026-08-17T14:06:24.7420832+00:00,0.065,287.328,692.461,53.029,109,1207,10421.875
2026-08-17T14:06:25.7449972+00:00,0.000,287.336,540.676,53.110,109,1209,10421.875
2026-08-17T14:06:26.7480084+00:00,0.065,287.566,540.676,53.172,109,1209,10437.500
2026-08-17T14:06:27.7520233+00:00,0.065,283.137,538.004,53.328,109,1209,10453.125
2026-08-17T14:06:28.7560290+00:00,0.000,282.949,505.500,53.375,109,1209,10453.125
2026-08-17T14:06:29.7600155+00:00,0.065,283.066,505.625,53.428,109,1209,10468.750
2026-08-17T14:06:30.7630150+00:00,0.000,283.066,505.625,53.483,109,1209,10468.750
2026-08-17T14:06:31.7670168+00:00,0.065,283.148,505.645,53.522,109,1210,10484.375
2026-08-17T14:06:32.7710539+00:00,0.065,283.184,505.645,53.546,109,1210,10500.000
2026-08-17T14:06:33.7740264+00:00,0.000,283.426,505.852,53.584,109,1210,10500.000
2026-08-17T14:06:34.7780136+00:00,0.000,283.449,505.852,53.607,109,1210,10500.000
2026-08-17T14:06:35.7810244+00:00,0.000,283.477,505.852,53.645,109,1210,10500.000
2026-08-17T14:06:36.7840357+00:00,0.065,283.422,505.789,54.024,108,1204,10515.625
2026-08-17T14:06:37.7880297+00:00,0.000,284.027,506.191,54.062,105,1190,10515.625
2026-08-17T14:06:38.7900187+00:00,0.000,284.059,506.191,54.093,105,1190,10515.625
2026-08-17T14:06:39.7940531+00:00,0.000,283.996,506.133,54.117,104,1185,10515.625
2026-08-17T14:06:40.7980326+00:00,0.000,284.000,506.133,54.156,104,1185,10515.625
2026-08-17T14:06:41.8020762+00:00,0.130,284.012,506.133,54.179,104,1185,10546.875
2026-08-17T14:06:42.8050208+00:00,0.000,284.016,506.133,54.209,104,1185,10546.875
2026-08-17T14:06:43.8090175+00:00,0.000,281.453,503.465,54.233,104,1185,10546.875
2026-08-17T14:06:44.8130286+00:00,0.065,281.566,503.582,54.256,104,1185,10562.500
2026-08-17T14:06:45.8170335+00:00,0.130,282.328,504.234,54.287,103,1182,10593.750
2026-08-17T14:06:46.8200024+00:00,0.000,282.352,504.234,54.318,103,1182,10593.750
2026-08-17T14:06:47.8230192+00:00,0.000,282.402,504.234,54.394,103,1182,10593.750
2026-08-17T14:06:48.8270120+00:00,0.000,282.410,504.234,54.448,103,1182,10593.750
2026-08-17T14:06:49.8310144+00:00,0.065,282.570,504.484,54.487,103,1182,10609.375
2026-08-17T14:06:50.8340287+00:00,0.000,282.633,504.496,54.525,103,1182,10609.375
2026-08-17T14:06:51.8370135+00:00,0.000,283.086,504.496,54.571,103,1182,10609.375
2026-08-17T14:06:52.8410183+00:00,0.065,283.203,504.496,54.595,103,1182,10625.000
2026-08-17T14:06:53.8450518+00:00,0.000,283.203,504.496,54.618,103,1182,10625.000
2026-08-17T14:06:54.8480321+00:00,0.065,283.203,504.496,54.650,103,1182,10640.625
2026-08-17T14:06:55.8540290+00:00,0.000,283.211,504.496,54.681,103,1182,10640.625
2026-08-17T14:06:56.8580355+00:00,0.000,283.215,504.496,54.711,103,1182,10640.625
2026-08-17T14:06:57.8630346+00:00,0.065,283.215,504.496,54.734,103,1182,10656.250
2026-08-17T14:06:58.8680457+00:00,0.000,283.215,504.496,54.757,103,1182,10656.250
2026-08-17T14:06:59.8730302+00:00,0.000,283.215,504.496,54.803,103,1182,10656.250
2026-08-17T14:07:00.8781195+00:00,0.065,283.191,504.469,54.842,103,1184,10671.875
2026-08-17T14:07:01.8820551+00:00,0.000,283.230,504.504,54.909,104,1185,10671.875
2026-08-17T14:07:02.8870083+00:00,0.000,283.363,504.504,54.940,104,1185,10671.875
2026-08-17T14:07:03.8930062+00:00,0.065,283.363,504.504,54.970,104,1185,10687.500
2026-08-17T14:07:04.8960006+00:00,0.000,283.363,504.504,54.994,104,1185,10687.500
2026-08-17T14:07:05.9010219+00:00,0.000,283.363,504.504,55.017,104,1185,10687.500
2026-08-17T14:07:06.9060028+00:00,0.000,283.367,504.504,55.085,104,1185,10687.500
2026-08-17T14:07:07.9100186+00:00,0.065,283.371,504.504,55.124,104,1185,10703.125
2026-08-17T14:07:08.9151923+00:00,0.065,283.371,504.504,55.170,104,1185,10718.750
2026-08-17T14:07:09.9200524+00:00,0.000,283.375,504.504,55.209,104,1185,10718.750
2026-08-17T14:07:10.9240160+00:00,0.065,283.844,505.062,55.255,104,1185,10734.375
2026-08-17T14:07:11.9280342+00:00,0.000,283.844,505.062,55.316,104,1185,10734.375
2026-08-17T14:07:12.9330139+00:00,0.000,283.844,505.062,55.340,104,1185,10734.375
2026-08-17T14:07:13.9360171+00:00,0.000,283.844,505.062,55.370,104,1185,10734.375
2026-08-17T14:07:14.9409977+00:00,0.130,283.809,504.973,55.393,101,1185,10765.625
2026-08-17T14:07:15.9440057+00:00,0.000,283.809,504.973,55.432,101,1182,10765.625
2026-08-17T14:07:16.9490178+00:00,0.065,285.191,505.727,55.471,101,1182,10781.250
2026-08-17T14:07:17.9530066+00:00,0.000,285.195,505.727,55.494,101,1182,10781.250
2026-08-17T14:07:18.9570466+00:00,0.065,285.199,505.727,55.517,101,1182,10796.875
2026-08-17T14:07:19.9630151+00:00,0.000,285.199,505.727,55.555,101,1182,10796.875
2026-08-17T14:07:20.9660176+00:00,0.000,285.238,505.754,55.586,101,1182,10796.875
2026-08-17T14:07:21.9710263+00:00,0.065,285.227,505.691,55.609,100,1176,10812.500
2026-08-17T14:07:22.9750975+00:00,0.065,285.258,505.699,55.640,100,1176,10828.125
2026-08-17T14:07:23.9810452+00:00,0.000,285.258,505.699,55.670,100,1176,10828.125
2026-08-17T14:07:24.9860120+00:00,0.000,285.258,505.699,55.709,100,1176,10828.125
2026-08-17T14:07:25.9900916+00:00,0.000,285.230,505.660,55.739,99,1171,10828.125
2026-08-17T14:07:26.9960179+00:00,0.000,285.230,505.660,55.770,99,1171,10828.125
2026-08-17T14:07:27.9991186+00:00,0.000,281.539,501.734,55.809,99,1171,10828.125
2026-08-17T14:07:29.0020235+00:00,0.065,281.609,501.934,55.871,100,1176,10843.750
2026-08-17T14:07:30.0060813+00:00,0.000,282.129,502.453,55.917,100,1176,10843.750
2026-08-17T14:07:31.0090459+00:00,0.000,282.352,502.801,55.956,100,1176,10843.750
2026-08-17T14:07:32.0140438+00:00,0.000,282.352,502.801,55.994,100,1176,10843.750
2026-08-17T14:07:33.0180618+00:00,0.000,282.352,502.801,56.017,100,1176,10843.750
2026-08-17T14:07:34.0220349+00:00,0.000,282.352,502.801,56.108,100,1176,10843.750
2026-08-17T14:07:35.0260107+00:00,0.000,282.324,502.758,56.138,99,1171,10843.750
2026-08-17T14:07:36.0290013+00:00,0.000,282.324,502.758,56.162,99,1171,10843.750
2026-08-17T14:07:37.0330560+00:00,0.000,282.309,502.727,56.185,98,1169,10843.750
2026-08-17T14:07:38.0370151+00:00,0.000,282.309,502.727,56.224,98,1169,10843.750
2026-08-17T14:07:39.0420124+00:00,0.000,282.309,502.727,56.262,98,1169,10843.750
2026-08-17T14:07:40.0450111+00:00,0.000,282.309,502.727,56.286,98,1169,10843.750
2026-08-17T14:07:41.0480128+00:00,0.000,282.309,502.727,56.309,98,1169,10843.750
2026-08-17T14:07:42.0520302+00:00,0.065,282.309,502.727,56.332,98,1169,10859.375
2026-08-17T14:07:43.0550253+00:00,0.000,282.324,502.820,56.386,99,1174,10859.375
2026-08-17T14:07:44.0610152+00:00,0.000,282.324,502.820,56.425,99,1174,10859.375
2026-08-17T14:07:45.0650946+00:00,0.065,282.324,502.820,56.449,99,1174,10875.000
2026-08-17T14:07:46.0700235+00:00,0.000,282.324,502.820,56.479,99,1174,10875.000
2026-08-17T14:07:47.0750410+00:00,0.000,282.582,503.004,56.510,99,1174,10875.000
2026-08-17T14:07:48.0790279+00:00,0.000,282.582,503.004,56.564,99,1174,10875.000
2026-08-17T14:07:49.0820362+00:00,0.065,282.582,503.004,56.611,99,1174,10890.625
2026-08-17T14:07:50.0870403+00:00,0.259,283.797,546.789,56.697,99,1174,10953.125
2026-08-17T14:07:51.0910295+00:00,0.324,285.508,586.488,56.759,99,1174,11031.250
2026-08-17T14:07:52.0970799+00:00,0.194,285.539,586.988,56.806,99,1174,11078.125
2026-08-17T14:07:53.1010288+00:00,0.000,285.539,549.043,56.843,99,1174,11078.125
2026-08-17T14:07:54.1070166+00:00,0.000,285.551,397.242,56.867,99,1174,11078.125
2026-08-17T14:07:55.1150597+00:00,0.065,285.555,397.242,56.898,99,1174,11093.750
2026-08-17T14:07:56.1190120+00:00,0.000,283.145,395.219,56.921,99,1174,11093.750
2026-08-17T14:07:57.1240327+00:00,0.000,283.145,395.262,56.953,99,1174,11093.750
2026-08-17T14:07:58.1270264+00:00,0.065,283.105,395.207,56.984,98,1169,11109.375
2026-08-17T14:07:59.1360151+00:00,0.000,283.105,395.207,57.007,98,1169,11109.375
2026-08-17T14:08:00.1400294+00:00,0.000,283.109,395.508,57.044,98,1169,11109.375
2026-08-17T14:08:01.1450252+00:00,0.065,283.562,396.066,57.068,98,1169,11125.000
2026-08-17T14:08:02.1489967+00:00,0.065,283.562,396.066,57.099,98,1169,11140.625
2026-08-17T14:08:03.1524441+00:00,1.233,289.285,703.438,57.427,96,1164,11437.500
2026-08-17T14:08:03.8278497+00:00,0.289,289.230,583.621,57.559,96,1164,11484.375
