elapsed_s;gpu_util_pct;memory_used_mb;memory_total_mb;temperature_c;power_w;available
2,0;4;1625;16311;33;16,6;True
10,8;6;1599;16311;34;18,2;True
13,9;8;1714;16311;34;18,2;True
17,0;0;1750;16311;33;17,2;True
20,1;1;1822;16311;33;15,9;True
23,2;0;1805;16311;33;11,0;True
26,2;0;1805;16311;33;10,5;True
29,3;0;1801;16311;33;11,1;True
32,3;0;1797;16311;33;13,5;True
35,4;0;1797;16311;33;10,6;True
38,5;0;1797;16311;32;10,6;True
41,6;0;1797;16311;32;10,6;True
44,7;0;1797;16311;32;10,6;True
47,7;0;1797;16311;32;10,6;True
50,8;0;1797;16311;32;10,6;True
53,8;0;1797;16311;32;10,6;True
56,9;0;1797;16311;32;10,6;True
60,0;0;1797;16311;32;10,9;True
63,0;100;1858;16311;35;36,8;True
66,4;0;2067;16311;35;29,1;True
69,5;100;3318;16311;36;36,3;True
72,8;100;3318;16311;36;36,9;True
76,0;100;3400;16311;36;36,9;True
79,1;100;3400;16311;36;35,8;True
82,2;100;3400;16311;37;36,9;True
85,4;100;3400;16311;37;37,0;True
88,5;100;3400;16311;37;35,8;True
91,7;100;3400;16311;37;37,0;True
94,8;100;3400;16311;37;37,0;True
98,0;100;3400;16311;37;36,3;True
101,3;100;3394;16311;38;37,1;True
104,4;100;3394;16311;38;37,1;True
107,5;100;3368;16311;38;36,9;True
110,7;100;3342;16311;38;37,1;True
113,8;100;3441;16311;38;37,1;True
117,0;100;3432;16311;38;36,0;True
120,1;100;3432;16311;38;37,1;True
123,3;100;3432;16311;38;37,2;True
126,4;100;3428;16311;39;36,2;True
129,6;100;3428;16311;39;37,3;True
132,7;100;3428;16311;39;37,2;True
135,9;97;3567;16311;39;33,0;True
139,0;100;3567;16311;39;37,3;True
142,2;100;3567;16311;39;37,2;True
145,3;100;3567;16311;39;36,4;True
148,6;100;3567;16311;39;37,4;True
151,8;100;3567;16311;40;37,1;True
155,0;96;3567;16311;40;36,3;True
158,1;100;3567;16311;40;37,4;True
161,3;100;3567;16311;40;37,2;True
164,4;100;3567;16311;40;36,2;True
167,7;100;3567;16311;40;37,4;True
170,8;100;3567;16311;40;37,4;True
174,0;100;3567;16311;40;36,4;True
177,2;100;3567;16311;40;37,4;True
180,3;100;3567;16311;40;37,4;True
183,5;81;3567;16311;40;37,0;True
186,6;100;3567;16311;41;37,4;True
189,8;100;3631;16311;41;37,4;True
192,9;93;3631;16311;41;37,0;True
196,1;100;3631;16311;41;37,4;True
199,3;100;3632;16311;41;37,4;True
202,4;100;3632;16311;41;36,7;True
205,6;100;3664;16311;41;37,5;True
208,7;100;3632;16311;41;37,5;True
211,9;84;3632;16311;41;37,4;True
215,2;100;3650;16311;41;37,4;True
218,4;100;3618;16311;41;37,5;True
221,5;95;3618;16311;42;37,1;True
224,7;100;3650;16311;42;37,5;True
227,9;100;3603;16311;42;37,5;True
231,0;100;3603;16311;42;37,3;True
234,1;100;3635;16311;42;37,5;True
237,3;100;3603;16311;42;37,5;True
240,5;100;3603;16311;42;37,5;True
243,6;16;3603;16311;42;37,2;True
246,8;100;3603;16311;42;37,6;True
249,9;100;3603;16311;42;37,4;True
253,1;97;3635;16311;42;36,4;True
256,3;100;3635;16311;42;37,6;True
259,4;100;3635;16311;42;37,5;True
262,6;100;3635;16311;42;36,5;True
265,8;100;3635;16311;43;37,6;True
268,9;100;3635;16311;43;37,5;True
272,1;100;3635;16311;42;36,4;True
275,2;100;3635;16311;43;37,7;True
278,5;100;3635;16311;43;37,6;True
281,6;100;3635;16311;43;36,6;True
284,7;100;3635;16311;43;37,6;True
288,0;100;3635;16311;43;37,6;True
291,2;100;3635;16311;43;36,7;True
294,3;100;3635;16311;43;37,7;True
297,5;100;3635;16311;43;37,7;True
300,7;100;3635;16311;43;37,5;True
303,8;100;3667;16311;43;37,7;True
306,9;100;3635;16311;43;37,7;True
310,1;100;3635;16311;43;37,6;True
313,3;100;3682;16311;43;37,7;True
316,4;100;3635;16311;43;37,7;True
319,6;77;3635;16311;43;37,4;True
322,8;17;3682;16311;43;37,2;True
325,9;100;3635;16311;44;37,7;True
329,1;98;3635;16311;44;37,6;True
332,4;24;3635;16311;43;37,2;True
335,6;100;3635;16311;44;37,7;True
338,8;100;3635;16311;44;37,6;True
342,0;84;3635;16311;44;36,7;True
345,2;100;3635;16311;44;37,8;True
348,4;100;3635;16311;44;37,6;True
351,6;100;3635;16311;44;36,9;True
354,8;100;3635;16311;44;37,8;True
358,0;100;3635;16311;44;37,6;True
361,2;100;3635;16311;44;37,1;True
364,3;100;3635;16311;44;37,8;True
367,5;100;3634;16311;44;37,6;True
370,7;100;3634;16311;44;37,0;True
373,9;100;3634;16311;44;37,8;True
377,0;100;3634;16311;44;37,8;True
380,1;100;3634;16311;44;36,8;True
383,3;100;3634;16311;44;37,8;True
386,4;100;3634;16311;44;37,8;True
389,6;100;3634;16311;44;37,1;True
392,8;100;3634;16311;44;37,9;True
395,9;100;3634;16311;44;37,8;True
399,1;100;3634;16311;45;37,7;True
402,3;100;3666;16311;45;37,8;True
405,4;100;3634;16311;45;37,9;True
408,5;0;3634;16311;43;30,8;True
411,6;0;3634;16311;41;12,6;True
415,0;1;3634;16311;41;11,2;True
418,2;0;3488;16311;41;11,1;True
421,3;0;3488;16311;40;11,2;True
424,3;0;3488;16311;40;11,6;True
427,4;1;3456;16311;42;26,3;True
430,5;2;3470;16311;40;14,6;True
433,6;0;3468;16311;40;15,4;True
436,7;0;3461;16311;40;11,2;True
439,7;0;3456;16311;40;10,9;True
442,8;0;3456;16311;39;11,0;True
445,9;0;3456;16311;39;11,0;True
448,9;0;3456;16311;39;11,0;True
451,9;0;3456;16311;39;11,0;True
455,0;0;3456;16311;39;11,0;True
458,0;0;3456;16311;39;10,9;True
461,1;0;3456;16311;38;11,1;True
464,1;0;3456;16311;38;10,9;True
467,2;0;3456;16311;38;10,9;True
470,2;0;3456;16311;38;10,9;True
473,3;0;3456;16311;38;10,9;True
476,3;0;3456;16311;38;11,0;True
479,4;0;3456;16311;38;10,9;True
482,4;0;3456;16311;38;10,9;True
485,5;0;3456;16311;38;10,8;True
488,5;0;3456;16311;37;10,9;True
491,6;0;3456;16311;37;10,9;True
494,6;0;3456;16311;37;10,9;True
497,7;0;3456;16311;37;10,8;True
500,7;0;3456;16311;37;10,9;True
503,8;0;3456;16311;37;10,9;True
506,8;0;3456;16311;37;10,8;True
509,8;0;3456;16311;37;10,8;True
512,9;0;3456;16311;37;10,8;True
515,9;0;3456;16311;37;10,8;True
519,0;0;3456;16311;36;10,8;True
522,0;0;3456;16311;36;10,8;True
525,1;0;3680;16311;38;26,5;True
528,1;2;3741;16311;37;19,1;True
531,1;0;3747;16311;36;12,3;True
534,2;0;3648;16311;36;15,3;True
537,2;0;3630;16311;36;13,9;True
540,2;0;3625;16311;36;10,7;True
543,3;0;3625;16311;36;10,7;True
546,3;0;3625;16311;36;10,7;True
549,4;0;3625;16311;36;10,6;True
552,4;0;3625;16311;36;10,7;True
555,5;0;3621;16311;36;10,6;True
558,5;0;3621;16311;36;10,6;True
561,5;0;3621;16311;35;10,7;True
564,6;0;3621;16311;35;10,6;True
567,6;2;3621;16311;35;10,8;True
570,7;1;3621;16311;35;10,8;True
573,7;1;3621;16311;35;10,7;True
576,7;1;3621;16311;35;10,8;True
579,8;0;3621;16311;35;10,8;True
582,8;0;3621;16311;35;10,8;True
585,9;0;3621;16311;35;10,7;True
588,9;0;3621;16311;35;10,7;True
592,0;0;3621;16311;35;10,8;True
595,0;0;3621;16311;35;10,7;True
598,0;0;3639;16311;35;15,2;True
601,0;1;3635;16311;35;12,3;True
