timestamp_utc,pid,cpu_percent,working_set_mb,private_mb,managed_mb,threads,handles,total_cpu_ms
2026-08-17T17:49:49.3134390+00:00,17368,0.000,50.590,17.574,-1.000,9,237,453.125
2026-08-17T17:49:50.3326332+00:00,17368,4.152,169.816,98.477,-1.000,10,280,1468.750
2026-08-17T17:49:51.3386251+00:00,17368,9.125,520.262,461.137,-1.000,43,433,3671.875
2026-08-17T17:49:52.3445902+00:00,17368,4.660,522.000,461.496,-1.000,43,433,4796.875
2026-08-17T17:49:53.3496556+00:00,17368,3.368,524.961,479.227,-1.000,46,454,5609.375
2026-08-17T17:49:54.3606050+00:00,17368,21.574,575.750,5038.789,-1.000,77,7308,10843.750
2026-08-17T17:49:55.3666130+00:00,17368,56.302,689.668,6153.883,-1.000,86,1208,24437.500
2026-08-17T17:49:56.3744708+00:00,17368,60.915,852.633,6295.125,-1.000,100,1491,39171.875
2026-08-17T17:49:57.3814823+00:00,17368,58.056,852.922,6295.242,-1.000,100,1491,53203.125
2026-08-17T17:49:58.3874853+00:00,17368,57.985,852.074,6294.246,-1.000,100,1491,67203.125
2026-08-17T17:49:59.3934797+00:00,17368,58.698,852.191,6294.102,-1.000,100,1491,81375.000
2026-08-17T17:50:00.4004737+00:00,17368,57.799,852.238,6294.102,-1.000,100,1491,95343.750
2026-08-17T17:50:01.4070598+00:00,17368,58.728,852.422,6294.102,-1.000,100,1491,109531.250
2026-08-17T17:50:02.4150565+00:00,17368,57.160,933.586,6324.582,-1.000,100,1496,123359.375
2026-08-17T17:50:03.4210938+00:00,17368,58.825,964.234,6324.645,-1.000,100,1496,137562.500
2026-08-17T17:50:04.4290614+00:00,17368,58.389,942.543,6282.750,-1.000,100,1505,151687.500
2026-08-17T17:50:05.4360575+00:00,17368,55.924,996.406,6298.633,-1.000,107,1657,165203.125
2026-08-17T17:50:06.4428036+00:00,17368,47.790,1135.496,6370.453,-1.000,113,2274,176750.000
2026-08-17T17:50:07.4487915+00:00,17368,41.872,1165.711,6370.348,-1.000,113,2535,186859.375
2026-08-17T17:50:08.4578188+00:00,17368,44.004,1188.352,6362.785,-1.000,113,2535,197515.625
2026-08-17T17:50:09.4638145+00:00,17368,41.936,1216.027,6362.805,-1.000,113,2536,207640.625
2026-08-17T17:50:10.4697993+00:00,17368,43.749,1237.328,6362.816,-1.000,113,2536,218203.125
2026-08-17T17:50:11.4758000+00:00,17368,43.489,1339.793,6361.629,-1.000,89,2536,228703.125
2026-08-17T17:50:12.4838219+00:00,17368,43.596,1445.859,6361.660,-1.000,89,2537,239250.000
2026-08-17T17:50:13.4948069+00:00,17368,42.566,1570.594,6361.664,-1.000,89,2537,249578.125
2026-08-17T17:50:14.5017913+00:00,17368,44.287,1619.984,6395.695,-1.000,89,2537,260281.250
2026-08-17T17:50:15.5087947+00:00,17368,43.316,1768.547,6397.086,-1.000,89,2537,270750.000
2026-08-17T17:50:16.5150327+00:00,17368,44.902,1810.016,6397.082,-1.000,89,2537,281593.750
2026-08-17T17:50:17.5220505+00:00,17368,44.221,1828.410,6397.086,-1.000,89,2537,292281.250
2026-08-17T17:50:18.5281051+00:00,17368,44.199,1847.434,6397.047,-1.000,89,2537,302953.125
2026-08-17T17:50:19.5350524+00:00,17368,45.129,1864.941,6397.047,-1.000,89,2537,313859.375
2026-08-17T17:50:20.5410345+00:00,17368,43.878,1872.086,6397.043,-1.000,89,2538,324453.125
2026-08-17T17:50:21.5470379+00:00,17368,44.524,1879.855,6397.047,-1.000,89,2538,335203.125
2026-08-17T17:50:22.5530407+00:00,17368,44.071,1887.047,6397.047,-1.000,89,2538,345843.750
2026-08-17T17:50:23.5590546+00:00,17368,43.618,1894.238,6397.051,-1.000,89,2538,356375.000
2026-08-17T17:50:24.5660321+00:00,17368,45.063,1957.367,6452.109,-1.000,88,2535,367265.625
2026-08-17T17:50:25.5730361+00:00,17368,41.635,1968.125,6452.609,-1.000,88,2535,377328.125
2026-08-17T17:50:26.5805829+00:00,17368,42.259,1970.289,6453.949,-1.000,87,2533,387546.875
2026-08-17T17:50:27.5865919+00:00,17368,48.213,1974.188,6455.125,-1.000,87,2533,399187.500
2026-08-17T17:50:28.5936638+00:00,17368,48.808,3282.914,7753.328,-1.000,90,2488,410984.375
2026-08-17T17:50:29.6026481+00:00,17368,52.394,3443.328,7955.996,-1.000,90,2489,423671.875
2026-08-17T17:50:30.6095985+00:00,17368,53.728,3443.820,7956.469,-1.000,90,2489,436656.250
2026-08-17T17:50:31.6185969+00:00,17368,52.651,3443.828,7956.477,-1.000,90,2489,449406.250
2026-08-17T17:50:32.6275978+00:00,17368,53.813,3443.871,7956.434,-1.000,90,2489,462437.500
2026-08-17T17:50:33.6353459+00:00,17368,55.495,4875.672,9165.664,-1.000,93,2501,475859.375
2026-08-17T17:50:34.6425546+00:00,17368,56.558,5237.047,9994.957,-1.000,93,2501,489531.250
2026-08-17T17:50:35.6502171+00:00,17368,55.176,5626.105,10359.742,-1.000,93,2503,502875.000
2026-08-17T17:50:36.6604229+00:00,17368,54.715,5528.637,10261.383,-1.000,93,2503,516140.625
2026-08-17T17:50:37.6674009+00:00,17368,49.718,5528.715,10254.633,-1.000,93,2503,528156.250
2026-08-17T17:50:38.6744420+00:00,17368,50.232,5517.043,10228.844,-1.000,93,2503,540296.875
2026-08-17T17:50:39.6827231+00:00,17368,49.912,5520.977,10232.812,-1.000,93,2503,552375.000
2026-08-17T17:50:40.6894142+00:00,17368,56.329,5722.324,10468.070,-1.000,93,2504,565984.375
2026-08-17T17:50:41.6974090+00:00,17368,52.833,5722.160,10467.910,-1.000,93,2504,578765.625
2026-08-17T17:50:42.7053947+00:00,17368,53.738,5726.871,10471.914,-1.000,93,2504,591765.625
2026-08-17T17:50:43.7143929+00:00,17368,54.006,5724.195,10413.086,-1.000,93,2504,604843.750
2026-08-17T17:50:44.7223724+00:00,17368,54.836,5728.520,10449.473,-1.000,93,2504,618109.375
2026-08-17T17:50:45.7293792+00:00,17368,53.079,5778.008,10546.184,-1.000,93,2506,630937.500
2026-08-17T17:50:46.7372521+00:00,17368,54.454,5778.148,10546.160,-1.000,93,2507,644109.375
2026-08-17T17:50:47.7452825+00:00,17368,53.864,5778.395,10546.312,-1.000,93,2507,657140.625
2026-08-17T17:50:48.7542868+00:00,17368,54.458,5782.141,10469.172,-1.000,93,2507,670328.125
2026-08-17T17:50:49.7622916+00:00,17368,52.961,6038.332,10781.020,-1.000,90,2509,683140.625
2026-08-17T17:50:50.7712561+00:00,17368,53.944,6039.199,10781.500,-1.000,90,2507,696203.125
2026-08-17T17:50:51.7792711+00:00,17368,53.994,6039.996,10781.980,-1.000,90,2507,709265.625
2026-08-17T17:50:52.7872422+00:00,17368,53.867,5991.535,10668.527,-1.000,90,2507,722296.875
2026-08-17T17:50:53.7942622+00:00,17368,53.983,5995.340,10672.090,-1.000,90,2507,735343.750
2026-08-17T17:50:54.8022489+00:00,17368,54.060,6323.770,11066.129,-1.000,90,2510,748421.875
2026-08-17T17:50:55.8102556+00:00,17368,53.736,6346.176,11066.125,-1.000,90,2510,761421.875
2026-08-17T17:50:56.8184050+00:00,17368,53.729,6346.172,11066.117,-1.000,90,2510,774421.875
2026-08-17T17:50:57.8254402+00:00,17368,53.659,6331.387,10969.039,-1.000,90,2510,787390.625
2026-08-17T17:50:58.8344045+00:00,17368,54.976,6371.133,11067.355,-1.000,90,2513,800703.125
2026-08-17T17:50:59.8424281+00:00,17368,52.960,6129.984,10823.723,-1.000,90,2513,813515.625
2026-08-17T17:51:00.8514463+00:00,17368,53.360,6009.613,10702.078,-1.000,86,2513,826437.500
2026-08-17T17:51:01.8604154+00:00,17368,54.395,5960.117,10586.238,-1.000,86,2513,839609.375
2026-08-17T17:51:02.8684033+00:00,17368,54.512,5960.117,10586.238,-1.000,86,2513,852796.875
2026-08-17T17:51:03.8773938+00:00,17368,54.523,6054.363,10748.387,-1.000,86,2513,866000.000
2026-08-17T17:51:04.8855116+00:00,17368,53.537,6054.410,10748.398,-1.000,86,2513,878953.125
2026-08-17T17:51:05.8934793+00:00,17368,54.772,6054.414,10748.441,-1.000,86,2513,892203.125
2026-08-17T17:51:06.9021865+00:00,17368,54.086,6039.984,10651.703,-1.000,86,2513,905296.875
2026-08-17T17:51:07.9102112+00:00,17368,55.350,6014.535,10698.809,-1.000,86,2501,918687.500
2026-08-17T17:51:08.9182015+00:00,17368,50.508,6060.570,10770.949,-1.000,86,2501,930906.250
2026-08-17T17:51:09.9232057+00:00,17368,53.832,6062.984,10787.105,-1.000,86,2501,943890.625
2026-08-17T17:51:10.9312002+00:00,17368,54.318,6030.988,10688.609,-1.000,86,2501,957031.250
2026-08-17T17:51:11.9392024+00:00,17368,55.158,6094.469,10752.258,-1.000,85,2498,970375.000
2026-08-17T17:51:12.9501804+00:00,17368,54.287,6127.887,10801.328,-1.000,86,2501,983546.875
2026-08-17T17:51:13.9592046+00:00,17368,55.102,6128.137,10801.586,-1.000,86,2501,996890.625
2026-08-17T17:51:14.9671973+00:00,17368,54.900,6128.148,10801.586,-1.000,86,2501,1010171.875
2026-08-17T17:51:15.9751883+00:00,17368,54.512,6111.090,10735.527,-1.000,86,2501,1023359.375
2026-08-17T17:51:16.9829165+00:00,17368,59.436,6120.016,10786.254,-1.000,90,2513,1037734.375
2026-08-17T17:51:17.9909260+00:00,17368,53.865,6120.258,10818.523,-1.000,90,2513,1050765.625
2026-08-17T17:51:18.9999296+00:00,17368,55.748,6120.285,10818.566,-1.000,90,2513,1064265.625
2026-08-17T17:51:20.0099760+00:00,17368,53.692,6090.180,10760.332,-1.000,90,2512,1077281.250
2026-08-17T17:51:21.0199495+00:00,17368,54.857,6090.203,10760.332,-1.000,90,2512,1090578.125
2026-08-17T17:51:22.0279056+00:00,17368,52.576,6169.973,10936.613,-1.000,90,2512,1103296.875
2026-08-17T17:51:23.0349117+00:00,17368,52.561,6170.238,10936.609,-1.000,90,2512,1116000.000
2026-08-17T17:51:24.0409056+00:00,17368,50.673,6170.305,10936.609,-1.000,90,2512,1128234.375
2026-08-17T17:51:25.0479115+00:00,17368,51.527,6170.242,10855.777,-1.000,90,2512,1140687.500
2026-08-17T17:51:26.0539068+00:00,17368,50.996,6170.418,10855.719,-1.000,89,2509,1153000.000
2026-08-17T17:51:27.0600924+00:00,17368,50.793,6170.617,10855.711,-1.000,89,2509,1165265.625
2026-08-17T17:51:28.0671075+00:00,17368,45.191,5829.156,9961.301,-1.000,83,2427,1176187.500
2026-08-17T17:51:29.0750880+00:00,17368,42.564,6697.738,10828.738,-1.000,83,2427,1186484.375
